event_cause,hex_id,n,historical_avg_hrs,model_bias_hrs,mae_hrs,corridor,retrain_flag
others,8860145909fffff,8,1.0026270950694445,-2.940440608930608,2.940440608930608,ORR North 2,1
others,8860145b55fffff,8,0.7474951807291668,-2.467468769273628,2.8372871575890093,Non-corridor,1
others,8860145a07fffff,6,5.535071827685186,2.145052750319577,7.3261843182674395,West of Chord Road,1
others,8860145b45fffff,6,1.4892781131018518,-1.471922220912087,2.1334400810878473,CBD 2,1
others,8860145b63fffff,6,7.247392593981481,3.7044429038328626,6.144565641900495,Bellary Road 1,1
others,8860145a39fffff,5,2.3809756292777777,-1.6523624664950014,3.3426080084201546,Mysore Road,1
water_logging,8861892e29fffff,5,19.518945771499993,11.385997465273638,20.425679195567184,Non-corridor,1
vehicle_breakdown,8860145957fffff,44,0.7465337703156565,-0.0005112600694946848,0.4613597411755473,Tumkur Road,0
vehicle_breakdown,8860145a2bfffff,35,0.6130104487460317,0.041220442344761514,0.41975469438522284,Mysore Road,0
vehicle_breakdown,8860145b63fffff,33,0.8599366877777778,-0.008475179410718275,0.5112066504136157,Bellary Road 1,0
vehicle_breakdown,8860145b4bfffff,30,0.6901337389907407,0.08913524838229726,0.4400194161213189,Mysore Road,0
vehicle_breakdown,8860145b2dfffff,29,1.0949047121743294,0.42999993040881784,0.685601473439253,Bellary Road 1,0
vehicle_breakdown,8861892f53fffff,27,0.8261953239300411,0.087296219255503,0.5992117578058432,Non-corridor,0
vehicle_breakdown,88618925b7fffff,25,0.8426001773888889,0.13074204916605114,0.44482111930830326,Mysore Road,0
vehicle_breakdown,8860145b35fffff,24,0.7613463127546297,-0.03892332331058137,0.5376923131793854,Tumkur Road,0
vehicle_breakdown,88618925b5fffff,24,0.6172964503935185,-0.021365954973544616,0.5816550970620683,Mysore Road,0
vehicle_breakdown,8860145913fffff,23,0.6742938976086957,0.054011764675745415,0.5105969374977023,Tumkur Road,0
vehicle_breakdown,8860145b37fffff,22,0.5607927101767677,-0.03818827249903349,0.2648999924421265,Tumkur Road,0
vehicle_breakdown,886014590dfffff,21,0.9101536633068783,0.08100382069421282,0.5571320450275169,ORR North 2,0
vehicle_breakdown,886014580bfffff,20,0.8674402755416667,0.018074810704119308,0.36026678359785735,Magadi Road,0
vehicle_breakdown,8860145a29fffff,20,0.8393365865555555,0.012779129058113186,0.49253650804167187,Mysore Road,0
vehicle_breakdown,8860145b0dfffff,20,0.7925858256666666,-0.004328408302616651,0.507704065449341,Bellary Road 1,0
vehicle_breakdown,88601459ebfffff,18,0.7076297977469136,0.044302854690363,0.40071954323888703,Tumkur Road,0
vehicle_breakdown,8860145a07fffff,18,0.6113826889814815,0.011174676404747492,0.4251286216333599,Mysore Road,0
vehicle_breakdown,88618925a1fffff,17,1.028460694019608,0.18398971318638555,0.47897948203080637,Mysore Road,0
vehicle_breakdown,88618925c1fffff,17,0.8736904379248367,0.12737252918573538,0.3488702280831608,Hosur Road,0
vehicle_breakdown,8860145b47fffff,16,0.9858327699479167,0.20287013238796478,0.4647546705433081,Bellary Road 1,0
vehicle_breakdown,8860169645fffff,16,0.7144207203819445,-0.1839793380888835,0.5892104220663619,Bellary Road 2,0
vehicle_breakdown,8860145b29fffff,15,0.531427444537037,-0.17659824523836845,0.42602105168872395,Bellary Road 1,0
vehicle_breakdown,8860145b55fffff,15,0.8010109529814815,0.1800111680813585,0.5303610896830803,Non-corridor,0
vehicle_breakdown,8861892097fffff,15,0.8803581737037036,0.06913989049827765,0.6205785398764763,ORR East 1,0
vehicle_breakdown,88618925c9fffff,15,0.7845283696481481,-0.04038574662511555,0.44408952361234194,ORR East 1,0
vehicle_breakdown,8861892c9dfffff,15,0.6404095681481482,-0.08446527370834757,0.5663696618670798,Bellary Road 1,0
vehicle_breakdown,8860145909fffff,14,0.6487712731349207,0.03162479393769156,0.4040065669279193,ORR North 2,0
vehicle_breakdown,8860145a2dfffff,14,0.8693386957341269,0.25328805046228936,0.4678513009447925,Mysore Road,0
vehicle_breakdown,8860145b09fffff,14,0.8587891582142858,0.21095722558872268,0.4218622942302882,Non-corridor,0
vehicle_breakdown,8860145b45fffff,14,1.0733435969444447,0.21329050300927693,0.6180070782528502,CBD 2,0
vehicle_breakdown,8861892e2bfffff,14,0.8280233934126985,-0.061015248147353075,0.6033290451378209,Non-corridor,0
vehicle_breakdown,8860145911fffff,13,0.486921782457265,-0.202214548522282,0.34901513586892247,Tumkur Road,0
vehicle_breakdown,8860145b23fffff,13,0.43085309551282047,-0.2994261105346384,0.40113145925350124,Non-corridor,0
vehicle_breakdown,8860145b5bfffff,13,0.5864349966452992,-0.14162785706964348,0.46622990400107683,Mysore Road,0
pot_holes,88618920e9fffff,12,0.24672332689814813,-0.041397480936776636,0.14808651698532074,Non-corridor,0
vehicle_breakdown,886014585bfffff,12,1.2023470025462963,0.29143778204988197,0.7837147825036728,Non-corridor,0
vehicle_breakdown,886014590bfffff,12,0.7922400903935185,0.040912245739843374,0.4460446148132326,ORR North 2,0
vehicle_breakdown,8860145b01fffff,12,1.2246659652083334,0.46505602265302565,0.5972436533433131,Non-corridor,0
vehicle_breakdown,8860145b0bfffff,12,0.651200509537037,-0.05428142845808561,0.42654003405918267,Non-corridor,0
vehicle_breakdown,8860145b41fffff,12,1.0000293503935185,0.07198660621660206,0.5553333761418457,Non-corridor,0
vehicle_breakdown,88618925a3fffff,12,0.7562403745833334,0.08860673184839137,0.22416192916832092,Non-corridor,0
vehicle_breakdown,8860145b57fffff,11,0.6575172486363635,0.05245093904689207,0.5231164452520094,Magadi Road,0
vehicle_breakdown,8861892537fffff,11,0.8467030679545455,-0.00342713490388821,0.46045165888899625,Old Airport Road,0
vehicle_breakdown,8860145803fffff,10,0.8563741556111111,0.10265411343566973,0.542493236369976,Magadi Road,0
vehicle_breakdown,8860145809fffff,10,0.8922941902222222,-0.03690381406663845,0.35393852136626935,Magadi Road,0
vehicle_breakdown,8860145859fffff,10,0.9599178757222223,0.034739390401296345,0.3988229172253347,Non-corridor,0
vehicle_breakdown,8860145919fffff,10,0.5147970732222222,-0.16745748921068487,0.4807375676553458,Tumkur Road,0
vehicle_breakdown,886014595dfffff,10,0.8410434510277778,0.06561045858447623,0.4399484063408078,Tumkur Road,0
vehicle_breakdown,8860145a39fffff,10,0.8188742477222222,0.06543486996294792,0.2984473366480016,Mysore Road,0
vehicle_breakdown,8860169641fffff,10,1.1286478709444445,0.3251979402646551,0.42593911716979954,Bellary Road 2,0
vehicle_breakdown,8861892e9bfffff,10,0.6809653499722221,-0.07030315732788371,0.3884244862415279,CBD 1,0
vehicle_breakdown,8861892ec7fffff,10,0.59826024675,0.01789310154328565,0.30852288192439536,Old Madras Road,0
vehicle_breakdown,886014581dfffff,9,0.6472135916358025,0.030066495022440617,0.2843157385571255,Magadi Road,0
vehicle_breakdown,8860145951fffff,9,0.9254959177777778,0.090862087682616,0.2772720360841096,Tumkur Road,0
vehicle_breakdown,8860145a43fffff,9,0.862651708271605,0.10414197491873269,0.4350536968557452,ORR West 1,0
vehicle_breakdown,8860145a55fffff,9,1.0071508735185186,0.27523798058439586,0.520725094725647,ORR West 1,0
vehicle_breakdown,8860145b49fffff,9,0.6177659861728395,-0.03709614405750929,0.45879727640194,Mysore Road,0
vehicle_breakdown,8860145b51fffff,9,0.9096837852777777,0.3004220831465949,0.50329542708372,Non-corridor,0
vehicle_breakdown,88618920e9fffff,9,0.786820029074074,0.0141251044160235,0.48797870393320625,Non-corridor,0
vehicle_breakdown,8861892587fffff,9,1.0207409170679014,0.04193008714809047,0.5068866084471235,Non-corridor,0
vehicle_breakdown,8861892ed3fffff,9,0.6812742509567902,0.000579672357895041,0.4154839604155061,Old Madras Road,0
vehicle_breakdown,88601459e9fffff,8,0.5730760378472223,-0.15698584846857788,0.26601955246480374,Tumkur Road,0
vehicle_breakdown,8860145a11fffff,8,1.1009174897569445,0.08444431041727013,0.519139343127575,Mysore Road,0
vehicle_breakdown,8860145b25fffff,8,0.45417225190972227,-0.43292501926801763,0.47899686519111195,Bellary Road 1,0
vehicle_breakdown,8860145b43fffff,8,0.7584039177777778,0.23497909316479476,0.6434417079074695,Non-corridor,0
vehicle_breakdown,8860145b59fffff,8,0.6859781494097222,-0.16215632270300634,0.356267146737158,Mysore Road,0
vehicle_breakdown,8860145b5dfffff,8,0.6689895290277778,-0.06190011828820145,0.324892025318933,Non-corridor,0
vehicle_breakdown,8860169669fffff,8,1.0956163239930556,0.4246501054608939,0.5218329410373944,Bellary Road 2,0
vehicle_breakdown,8861892093fffff,8,0.9697243503819444,0.045278897272975814,0.5920384847830156,ORR East 1,0
vehicle_breakdown,88618925a7fffff,8,0.9085352227083334,0.13061499745528277,0.5778897649257944,Mysore Road,0
vehicle_breakdown,88618925d3fffff,8,0.7252449619444444,-0.0016498029071481332,0.5492966721053252,Non-corridor,0
vehicle_breakdown,8861892c81fffff,8,0.5680560955555556,-0.14031373602150582,0.4524490462292593,ORR North 1,0
vehicle_breakdown,8861892c99fffff,8,1.0200485736805556,0.19435916797666122,0.5715578445249903,Bellary Road 1,0
vehicle_breakdown,8861892db7fffff,8,0.5688429182291667,-0.04941572142295375,0.4952038637555237,Bellary Road 2,0
vehicle_breakdown,8861892e17fffff,8,1.1961996686458332,0.024948085076148124,0.6057387494363038,ORR North 1,0
vehicle_breakdown,8861892e39fffff,8,0.8899093283680555,0.14831877662198348,0.4949782770250124,ORR East 2,0
vehicle_breakdown,8861892e89fffff,8,0.3952594048611111,-0.006760598261521065,0.24308806667817634,Old Madras Road,0
congestion,8861892cc5fffff,7,1.6665934884126983,0.010189231597100263,1.1964474757194599,Hennur Main Road,0
vehicle_breakdown,8860145855fffff,7,1.202361219404762,0.31270767693272555,0.6806184010634607,Non-corridor,0
vehicle_breakdown,8860145a15fffff,7,0.9268837203174602,-0.08758483311350158,0.4368786983972463,Mysore Road,0
vehicle_breakdown,88618925b3fffff,7,0.8585003589285715,-0.2647002099517725,0.5183586227099121,Non-corridor,0
vehicle_breakdown,88618925b9fffff,7,0.8071167936507937,0.0093656467581118,0.4253558216458378,Non-corridor,0
vehicle_breakdown,88618925d1fffff,7,1.2376352066666667,0.5934975186609562,0.6778686917168711,Non-corridor,0
vehicle_breakdown,8861892621fffff,7,0.684315337420635,-0.008956378186590801,0.46002176278671286,Non-corridor,0
vehicle_breakdown,886189266bfffff,7,1.1327510275396826,0.20023978151887217,0.7589849019399063,Non-corridor,0
vehicle_breakdown,8861892ccdfffff,7,1.1330793315873016,0.28584671516940496,0.5308285076693511,Airport New South Road,0
vehicle_breakdown,8860145a13fffff,6,0.7156299596296295,-0.08137766634528301,0.3043766753826566,Mysore Road,0
vehicle_breakdown,8860145ae3fffff,6,1.254166822962963,0.5970351447372774,0.6084551344341608,Non-corridor,0
vehicle_breakdown,8860145b4dfffff,6,1.033786060925926,0.47094432657180296,0.6884901413253844,CBD 1,0
vehicle_breakdown,8860145b69fffff,6,1.3656951352777777,0.45493919138229355,0.7408477338279992,Non-corridor,0
vehicle_breakdown,88618920abfffff,6,0.7857976259259258,-0.017453089788745973,0.6754022451198609,Varthur Road,0
vehicle_breakdown,88618920b1fffff,6,0.7658961372685185,-0.16854209838377812,0.46972442190659186,Varthur Road,0
vehicle_breakdown,886189218dfffff,6,0.36635696837962967,-0.19616914979840372,0.4282209088974431,Non-corridor,0
vehicle_breakdown,886189244dfffff,6,0.6441338644444444,-0.13374841456738476,0.3400823940313155,Hosur Road,0
vehicle_breakdown,88618924a3fffff,6,1.0272270118518518,0.2386326124230099,0.5422105885082217,ORR West 1,0
vehicle_breakdown,88618924e7fffff,6,0.826414252175926,0.05724951995886459,0.46333366702101814,ORR West 1,0
vehicle_breakdown,886189253dfffff,6,0.9135456310648148,0.14313200772036075,0.662561735575089,Old Airport Road,0
vehicle_breakdown,8861892583fffff,6,0.5100075029166667,-0.2388918759309837,0.5513096237337918,Non-corridor,0
vehicle_breakdown,88618925b1fffff,6,0.7227607406481482,0.05914468068560889,0.21886342671039705,Non-corridor,0
vehicle_breakdown,88618925bdfffff,6,0.9915652137037035,0.2492574080915766,0.646744081847224,Non-corridor,0
vehicle_breakdown,8861892e29fffff,6,0.9566020494444444,0.10451755396466351,0.5754848477509978,Non-corridor,0
vehicle_breakdown,8861892e3bfffff,6,0.773151413425926,-0.13738229353575984,0.8222665819055172,ORR East 2,0
vehicle_breakdown,8861892ed9fffff,6,1.1892592815740741,0.04681159066952358,0.7294479161972993,Non-corridor,0
vehicle_breakdown,8861892f51fffff,6,0.912468452638889,0.16393899210513338,0.550407285515451,Non-corridor,0
water_logging,88618925b7fffff,6,3.228506731620371,0.8547596384693256,2.96637160061179,Mysore Road,0
congestion,8861892cc7fffff,5,1.3484554029444444,0.3664548832770459,0.6760130828849231,ORR North 1,0
others,8860145ad9fffff,5,1.7041704167777776,0.40348669502821083,1.9461923979095321,Mysore Road,0
vehicle_breakdown,8860145847fffff,5,0.8847961796666667,-0.1753382410426451,0.46722442925786334,Magadi Road,0
vehicle_breakdown,8860145905fffff,5,0.7448924154444445,0.08984586460282389,0.44037654111153895,Non-corridor,0
vehicle_breakdown,8860145955fffff,5,1.4869490839999997,0.575612697527415,0.7769760921089239,ORR North 2,0
vehicle_breakdown,8860169661fffff,5,0.8243130277777778,0.13372680782500215,0.5332018810867245,Bellary Road 2,0
vehicle_breakdown,886016966bfffff,5,0.6195261297777778,-0.11846068989469424,0.38084393749765416,Non-corridor,0
vehicle_breakdown,88618920a9fffff,5,0.8336368424444445,0.12624055463947426,0.7325136009826496,Varthur Road,0
vehicle_breakdown,88618920bbfffff,5,0.6805452405000001,-0.11962059867842267,0.5454655642564045,ORR East 1,0
vehicle_breakdown,886189240dfffff,5,0.9727754059444444,-0.07018160363336397,0.5042400642507975,Hosur Road,0
vehicle_breakdown,8861892423fffff,5,0.779941460388889,-0.15594069494747761,0.5627435491047359,Hosur Road,0
vehicle_breakdown,886189242bfffff,5,0.5028724185555555,-0.40850584626469555,0.5972882856598876,Hosur Road,0
vehicle_breakdown,8861892483fffff,5,1.4079914469444443,0.479056602826507,0.9461941367599472,Non-corridor,0
vehicle_breakdown,88618924a5fffff,5,1.0917288255,0.5270882921908766,0.5542517686815608,Non-corridor,0
vehicle_breakdown,8861892581fffff,5,0.4931254895555555,-0.6398054287315952,0.6398054287315952,Non-corridor,0
vehicle_breakdown,88618925d9fffff,5,0.6309720222777777,-0.3482692330211674,0.4908913005526322,Bannerghata Road,0
vehicle_breakdown,8861892c59fffff,5,0.8442624458333334,-0.03476919914876966,0.5237960544740575,ORR North 1,0
vehicle_breakdown,8861892e5dfffff,5,0.4714016047777777,-0.14723298004097166,0.1799394379641133,ORR East 2,0
vehicle_breakdown,8861892eedfffff,5,1.187283266277778,0.3621656374416043,0.5170843450530205,ORR North 1,0
water_logging,8860145b69fffff,5,6.309235920722221,-0.21497860611594888,6.414178603916483,Non-corridor,0
accident,8860145911fffff,4,0.6569570099305555,-0.1908924412025702,0.3776659193043057,Tumkur Road,0
accident,8861892441fffff,4,1.8991641661805554,0.7643287215800145,0.7954294346656781,Hosur Road,0
construction,8861892c11fffff,4,11.20213726,1.6852354919664885,13.680354381583257,Airport New South Road,0
construction,8861892c15fffff,4,16.825462628958334,5.49020054764882,10.49651052902139,Non-corridor,0
others,8860145913fffff,4,9.701265481944445,3.7006237690749173,3.7006237690749173,Tumkur Road,0
others,8860145b43fffff,4,17.725947216805558,16.77163045166361,17.48911746147791,Non-corridor,0
others,88618925a5fffff,4,1.5625708313888889,-0.4854559002271603,1.065733885330117,Non-corridor,0
others,8861892735fffff,4,32.52701402506944,25.445555224295532,26.80313122661557,Non-corridor,0
tree_fall,8860145b0dfffff,4,30.404701099444438,8.932250189942295,13.31437143593142,Bellary Road 1,0
tree_fall,8860145b3bfffff,4,15.990876093263894,11.01489355660086,18.46810113815786,West of Chord Road,0
tree_fall,8861892591fffff,4,10.052278721597222,5.111454634854588,10.032577190299167,Non-corridor,0
tree_fall,8861892597fffff,4,15.283532499375005,8.356243161118261,8.785964064054928,Non-corridor,0
tree_fall,8861892c9bfffff,4,25.685778885694447,16.944854253612373,16.944854253612373,Non-corridor,0
tree_fall,8861892e9dfffff,4,3.09786654,0.5006344015161446,3.436551990447451,Non-corridor,0
vehicle_breakdown,8860145851fffff,4,0.35887489708333337,-0.3381238226615081,0.5406563991089681,Non-corridor,0
vehicle_breakdown,88601458c5fffff,4,0.602171956736111,0.07467975884517698,0.5403827926883449,Non-corridor,0
vehicle_breakdown,8860145953fffff,4,0.8408632536805556,0.11249192711142816,0.40549502235009083,Non-corridor,0
vehicle_breakdown,8860145a49fffff,4,1.2568829304166667,0.42216554102895654,0.9565392721369697,ORR West 1,0
vehicle_breakdown,8860145a51fffff,4,1.1542014806944445,0.2680025008443826,0.5669592180740846,Non-corridor,0
vehicle_breakdown,8860145b19fffff,4,0.606325284375,-0.18025144345972471,0.3839026803301683,Magadi Road,0
vehicle_breakdown,886016961bfffff,4,1.3683503290972223,0.7199995314141969,0.8401036769991721,Non-corridor,0
vehicle_breakdown,8860169747fffff,4,0.8588585265972222,0.2045324441821923,0.4246938914689691,Bellary Road 2,0
vehicle_breakdown,88618920b7fffff,4,1.1236386566666665,0.325365839950155,0.8116707925133435,Varthur Road,0
vehicle_breakdown,8861892185fffff,4,1.292411055,0.4777038289872383,0.7935023308633237,Non-corridor,0
vehicle_breakdown,88618921d9fffff,4,0.7005713377083332,-0.061509199344928656,0.5310551726865225,Non-corridor,0
vehicle_breakdown,8861892425fffff,4,1.4819469981944444,0.5506687591658157,0.5506687591658157,ORR East 1,0
vehicle_breakdown,8861892449fffff,4,0.7045977754861111,-0.07425314918436507,0.2828122228575317,Hosur Road,0
vehicle_breakdown,8861892541fffff,4,0.6891749896527779,0.03450847872193531,0.5004960161632529,ORR East 1,0
vehicle_breakdown,8861892543fffff,4,0.8065097190277779,0.05224912076884963,0.6211164222361265,ORR East 1,0
vehicle_breakdown,886189254bfffff,4,0.3635694208333334,-0.299538845671488,0.3285525658656043,Non-corridor,0
vehicle_breakdown,8861892589fffff,4,1.2426809505555556,-0.04622057615267838,0.46239797983660835,Hosur Road,0
vehicle_breakdown,88618925a5fffff,4,0.995349081736111,0.41394149450646134,0.41394149450646134,Old Madras Road,0
vehicle_breakdown,88618925abfffff,4,1.502467376597222,0.6998649590470486,0.773600508747411,Hosur Road,0
vehicle_breakdown,88618925c7fffff,4,1.2539036005555555,0.4613349858783465,0.4613349858783465,Hosur Road,0
vehicle_breakdown,8861892735fffff,4,1.320491044513889,0.505690637323182,0.8643662588688702,Non-corridor,0
vehicle_breakdown,8861892c83fffff,4,0.5949351918055555,-0.24747663588946506,0.3952763113328211,ORR North 1,0
vehicle_breakdown,8861892e97fffff,4,1.0206369804166666,-0.08059376765550069,0.3090935131299021,Non-corridor,0
vehicle_breakdown,8861892edbfffff,4,0.9822130591666665,0.1739244440235351,0.7195091522211708,Non-corridor,0
water_logging,8860145b09fffff,4,2.188063213263889,-4.570218111771652,6.039135497652753,Non-corridor,0
water_logging,8860145b4dfffff,4,0.62099611125,-0.48339158156756,0.8404575789761691,Old Madras Road,0
water_logging,8860145b59fffff,4,11.219858826944444,6.051856662079668,13.346665517740789,Mysore Road,0
water_logging,8861892ed9fffff,4,22.088648504097222,12.463678339179516,12.463678339179516,Non-corridor,0
accident,8860169645fffff,3,0.6767095282407407,-0.08892617168777543,0.1792026478757747,Bellary Road 2,0
accident,8861892447fffff,3,0.7149395074074074,-0.14491871796408914,0.5712904476226558,Hosur Road,0
accident,8861892597fffff,3,0.6928278044444444,-0.9540032521704568,1.1544532671715781,Non-corridor,0
accident,8861892eedfffff,3,0.7577812974074075,-0.6044538071773299,0.733312180051021,ORR North 1,0
construction,8861892c3bfffff,3,35.92083562444444,26.121656575983547,27.808311261816574,Non-corridor,0
others,8860145803fffff,3,0.8180076253703703,-1.2919888028087236,1.4573683384144722,Magadi Road,0
others,886014580bfffff,3,4.502192665185184,2.8922605257014857,3.2237236347645783,Magadi Road,0
others,886014581dfffff,3,1.7458680810185185,0.8122994143986842,1.0733698425802805,Magadi Road,0
others,886014585bfffff,3,0.7981219522222222,0.3385188401020476,0.4964691110363853,Non-corridor,0
others,886014590dfffff,3,13.407385080277777,11.231886565519611,12.500043433977197,ORR North 2,0
others,8860145a25fffff,3,0.8465110086111111,-0.8912482463999082,0.8912482463999082,Magadi Road,0
others,8860145a2bfffff,3,6.123298453796296,5.111159073545104,5.698796910519165,Mysore Road,0
others,8860145a2dfffff,3,11.872206202314809,6.199500974683477,9.73646079943228,Mysore Road,0
others,8860145b0dfffff,3,3.5052426050925924,-3.16698532227055,6.32474270065308,Bellary Road 1,0
others,8860145b23fffff,3,4.052631002685185,1.668656232832846,4.60610816481967,Non-corridor,0
others,8860145b25fffff,3,0.8784233226851853,-2.53689224293011,2.53689224293011,Bellary Road 1,0
others,8860145b2dfffff,3,2.4953298400925927,-1.8900046575435578,3.7788183826201682,Bellary Road 1,0
others,8860145b41fffff,3,1.152832922222222,-1.8211194219172582,1.9025647968998178,Non-corridor,0
others,8860145b5dfffff,3,0.2992628378703704,-1.8628912678308904,1.8628912678308904,Non-corridor,0
others,886016975dfffff,3,29.85421172018518,1.9316072532112802,17.58016549951731,Bellary Road 2,0
others,88618920b3fffff,3,1.5933728500925926,-0.2391099581844427,0.48841146277334685,Old Airport Road,0
others,8861892587fffff,3,1.4707543422222225,0.41873058887641434,1.1380095380677104,Non-corridor,0
others,8861892cc5fffff,3,24.542600272685178,19.790999184744756,19.88799920124145,Hennur Main Road,0
others,8861892db7fffff,3,32.302400913425934,17.676304169817158,26.954312582634273,Bellary Road 2,0
others,8861892e39fffff,3,4.471307278425925,1.355843976739183,5.028059044534547,ORR East 2,0
pot_holes,88618921d1fffff,3,24.831895192407412,7.297887769420801,7.297887769420801,Non-corridor,0
road_conditions,8860145b2dfffff,3,2.119096560648148,-0.14423416123930202,1.8902788871195277,Bellary Road 1,0
tree_fall,886014594dfffff,3,16.52408162490741,-3.693681405567478,6.688131847781339,Non-corridor,0
tree_fall,8860145b29fffff,3,7.971678104907405,3.215132845084286,8.621665960206071,Bellary Road 1,0
tree_fall,8860145b47fffff,3,8.918466106944445,4.285843489169923,10.5181531223958,Bellary Road 1,0
tree_fall,8861892587fffff,3,5.7318090205555565,4.153413650223607,5.137229261751558,Non-corridor,0
vehicle_breakdown,8860145863fffff,3,0.8322159045370371,0.23433462858113538,0.6011239044577982,Non-corridor,0
vehicle_breakdown,8860145901fffff,3,1.4798750077777776,0.806698663985915,1.0270749243572614,ORR North 2,0
vehicle_breakdown,886014592bfffff,3,0.23504609814814814,-0.3638234919720717,0.4896902988815734,Non-corridor,0
vehicle_breakdown,8860145939fffff,3,0.7043738424074073,0.11984751812922678,0.23731841522776162,Non-corridor,0
vehicle_breakdown,886014594bfffff,3,0.8785220527777778,0.16099394072505072,0.24553294073768475,Tumkur Road,0
vehicle_breakdown,8860145a25fffff,3,0.7106363037962963,-0.1355817972034777,0.1555492870981011,Magadi Road,0
vehicle_breakdown,8860145a65fffff,3,1.0599928821296294,0.045935820981653386,0.5410379201190492,Non-corridor,0
vehicle_breakdown,8860145ae7fffff,3,1.0008728385185186,0.200005325838556,0.21874265815627472,Non-corridor,0
vehicle_breakdown,88601690d9fffff,3,1.1529884815740743,0.27380330524683855,0.8290154074101291,Bellary Road 2,0
vehicle_breakdown,8860169663fffff,3,0.335960232037037,-0.35863239715073547,0.5125594372419592,Non-corridor,0
vehicle_breakdown,8860169665fffff,3,1.6065776474074074,0.425342500287601,0.6514165698456675,Bellary Road 2,0
vehicle_breakdown,886016966dfffff,3,0.6881534799074074,-0.421978391478471,0.421978391478471,Bellary Road 2,0
vehicle_breakdown,8860169743fffff,3,0.5157116580555555,-0.3302109219830176,0.3302109219830176,Bellary Road 2,0
vehicle_breakdown,88618920b3fffff,3,0.7983040860185185,0.47588467017351066,0.6610552526734218,Old Airport Road,0
vehicle_breakdown,8861892189fffff,3,0.8056639900925927,-0.3237371067664358,0.49555817826265197,Non-corridor,0
vehicle_breakdown,8861892427fffff,3,1.131832583796296,0.195966493719871,0.8907173101215088,ORR East 1,0
vehicle_breakdown,8861892441fffff,3,1.5984950735185184,0.8215309002177208,0.8215309002177208,Hosur Road,0
vehicle_breakdown,8861892447fffff,3,0.4854624408333334,-0.3355805810914973,0.3355805810914973,Hosur Road,0
vehicle_breakdown,88618924a7fffff,3,0.36360277611111114,-0.3799607570634649,0.3799607570634649,Non-corridor,0
vehicle_breakdown,88618924e9fffff,3,1.2130417153703705,0.4522596446391505,0.5379326134953479,Bannerghata Road,0
vehicle_breakdown,88618924edfffff,3,1.3248580341666665,0.3016346026043472,0.7228034859450965,Bannerghata Road,0
vehicle_breakdown,8861892519fffff,3,0.9436943625925927,0.33076765884883397,0.6420768729593217,ORR East 1,0
vehicle_breakdown,8861892591fffff,3,1.1884622875925928,0.33444389508586353,0.5265181685164262,Non-corridor,0
vehicle_breakdown,8861892599fffff,3,1.147062620462963,0.018674361397568357,0.9959390706830774,Non-corridor,0
vehicle_breakdown,88618925adfffff,3,1.4231280364814813,0.3365532316044111,0.8826414210594113,Non-corridor,0
vehicle_breakdown,88618925cbfffff,3,0.7590858103703703,0.028678510468202984,0.07321685996324127,Non-corridor,0
vehicle_breakdown,88618925e9fffff,3,0.8486933889814816,-0.009085240601726626,0.5294303858326556,IRR(Thanisandra road),0
vehicle_breakdown,88618925ebfffff,3,1.6781934438888888,0.7667110509485631,0.7667110509485632,Non-corridor,0
vehicle_breakdown,8861892639fffff,3,1.749518272685185,0.6789795902612199,0.6789795902612199,Non-corridor,0
vehicle_breakdown,8861892663fffff,3,0.7300272000925926,-0.3222204052562424,0.4098461313477508,Non-corridor,0
vehicle_breakdown,8861892c15fffff,3,0.26807892675925926,-0.6093101889626191,0.6093101889626191,Non-corridor,0
vehicle_breakdown,8861892c5bfffff,3,1.0518839609259258,0.41070433609562845,0.5994661015941175,ORR North 1,0
vehicle_breakdown,8861892cb9fffff,3,1.046151853888889,0.4888205654004196,0.5792085203677476,Bellary Road 1,0
vehicle_breakdown,8861892cc1fffff,3,0.5665185153703703,-0.31701570239285215,0.31701570239285215,Non-corridor,0
vehicle_breakdown,8861892cc5fffff,3,0.8587631967592593,0.06987320736047153,0.5550335501220758,Hennur Main Road,0
vehicle_breakdown,8861892db3fffff,3,0.6905879883333332,-0.145275181961291,0.6713202768318082,Bellary Road 2,0
vehicle_breakdown,8861892e21fffff,3,0.9647958712962964,0.48983550704092,0.49538317037747537,Non-corridor,0
vehicle_breakdown,8861892e4bfffff,3,0.796802795,-0.27521664813710206,0.7770034066753375,ORR East 2,0
vehicle_breakdown,8861892e93fffff,3,1.172472659351852,0.353148972261051,0.5662573244694105,Non-corridor,0
vehicle_breakdown,8861892e99fffff,3,0.5552404335185185,-0.13669008731524898,0.17318351493890435,Non-corridor,0
vehicle_breakdown,8861892ebbfffff,3,1.268961061111111,0.49329089907592133,0.49329089907592133,Non-corridor,0
vehicle_breakdown,8861892ed7fffff,3,0.8599778314814815,0.22938510039687202,0.24009527175542722,Old Madras Road,0
water_logging,8860145b0dfffff,3,23.561092865370366,15.814996634605992,26.12481905424949,Bellary Road 1,0
water_logging,8860145b51fffff,3,0.5155797375925926,-3.9012189162241193,3.9012189162241193,Non-corridor,0
water_logging,8860145b63fffff,3,37.92759150500001,35.856802527845474,37.13584923045824,Bellary Road 1,0
water_logging,886016966dfffff,3,17.604756567685182,4.269568940503131,17.49118823996363,Bellary Road 2,0
water_logging,8861892097fffff,3,36.77348129842593,20.909248710442135,41.18628899821463,ORR East 1,0
water_logging,88618924e7fffff,3,25.72654304583334,8.93863806403388,25.97890250543104,ORR West 1,0
water_logging,88618925bdfffff,3,0.572095607037037,-0.7960559423692941,0.7960559423692941,Non-corridor,0
water_logging,8861892ea5fffff,3,11.267774238981481,1.295945744065185,7.669083306084771,ORR North 1,0
accident,8860145829fffff,2,0.29901809888888886,-1.3483009003074782,1.3483009003074782,Non-corridor,0
accident,8860169649fffff,2,0.2709933059722222,-0.06502899847988278,0.22301816387063042,Bellary Road 2,0
accident,8860169661fffff,2,1.1137083263888887,0.09431128684179962,0.8135467844053446,Bellary Road 2,0
accident,8860169747fffff,2,0.2562894536111111,0.04713525848113001,0.15317480956402005,Bellary Road 2,0
accident,886016975dfffff,2,0.8798732744444444,-0.5468448805561075,0.5535958051220058,Bellary Road 2,0
accident,886189266bfffff,2,1.2274198584722222,0.009668175390178169,0.26526237708333333,Non-corridor,0
accident,8861892cb9fffff,2,0.5288221954166666,0.24143595474369528,0.24143595474369528,Bellary Road 1,0
accident,8861892ec7fffff,2,0.8916424348611112,0.19194806996503838,0.6855254269416768,Old Madras Road,0
congestion,88618925b5fffff,2,1.0658813108333332,0.39035197177297953,1.49788961190454,unknown,0
construction,8860169621fffff,2,22.44483855888889,16.713471809000744,16.713471809000744,Non-corridor,0
construction,886189209dfffff,2,11.133035701805554,-2.52206670121398,9.29561691346699,Non-corridor,0
construction,8861892c59fffff,2,6.8877661297222215,3.2671443947622105,3.2671443947622105,ORR North 1,0
construction,8861892c5bfffff,2,4.193942929305555,-2.892122904160484,4.564918833987118,ORR North 1,0
construction,8861892c83fffff,2,3.1400478434722223,-1.990476525706594,1.990476525706594,ORR North 1,0
construction,8861892e4bfffff,2,27.08385089083334,22.42657953433054,22.622574240526152,ORR East 2,0
others,8860145851fffff,2,4.5772056206944445,3.8718730059464237,4.365495417551489,Non-corridor,0
others,88601458c5fffff,2,0.606312312638889,-1.6013020781368856,1.6013020781368856,Non-corridor,0
others,8860145919fffff,2,3.128618002083333,0.1454499282567583,4.144188453461455,Non-corridor,0
others,8860145941fffff,2,36.586860582083325,33.65558732834261,33.65558732834261,Non-corridor,0
others,8860145a13fffff,2,1.5780256874999996,-2.3429982111672683,2.3429982111672683,Mysore Road,0
others,8860145a15fffff,2,26.434484185694444,19.594875491894296,27.97120434663169,ORR West 1,0
others,8860145b17fffff,2,2.167338039583333,-1.2306507933100042,1.9859437071847919,West of Chord Road,0
others,8860145b29fffff,2,20.450165268194443,18.803198195629623,19.900991413151356,Bellary Road 1,0
others,8860145b49fffff,2,0.6781058640277777,-3.0713253163492125,3.0713253163492125,Non-corridor,0
others,8860145b4dfffff,2,1.1901106797222223,-0.8793664535531013,0.8793664535531013,Old Madras Road,0
others,8860145b51fffff,2,16.78388985013889,14.773599674645347,14.773599674645347,Non-corridor,0
others,8860145b6bfffff,2,31.709812163611115,28.908326933030477,30.388354574574276,Bellary Road 1,0
others,8860169621fffff,2,17.236078336666665,-2.9607677282720584,22.43402365209242,Non-corridor,0
others,8860169663fffff,2,46.25570523347223,18.944948781878907,21.064068140684384,Non-corridor,0
others,886016966dfffff,2,47.602437450277755,27.94034242740304,27.94034242740304,Bellary Road 2,0
others,88618920bbfffff,2,1.527275510138889,-3.378447502928892,3.378447502928892,ORR East 1,0
others,88618920e9fffff,2,5.555734615416668,2.5950653326473265,4.619507517520286,Non-corridor,0
others,8861892589fffff,2,15.167844895555557,12.787213221637602,13.834480163842505,Hosur Road,0
others,88618925a7fffff,2,7.831061791111111,5.706485155090124,5.706485155090124,Mysore Road,0
others,88618925b7fffff,2,15.803359840277778,11.322371690610193,12.381202749594227,Mysore Road,0
others,88618925bdfffff,2,4.522434597916667,1.3108256282152422,1.3108256282152422,Non-corridor,0
others,88618925c1fffff,2,3.685449816111111,1.095402614222309,1.095402614222309,Hosur Road,0
others,88618925c9fffff,2,2.6128557604166667,-3.3147961512974082,3.3147961512974082,Hosur Road,0
others,88618925d3fffff,2,23.303672314444444,17.04702116344885,21.734073271872372,Non-corridor,0
others,8861892c37fffff,2,1.6048857644444445,0.7992721117771323,0.7992721117771323,Non-corridor,0
others,8861892c99fffff,2,37.42095952611112,35.047068247130866,35.047068247130866,Bellary Road 1,0
others,8861892c9dfffff,2,10.790255881805559,5.155332679478839,12.689614274754746,Bellary Road 1,0
others,8861892e21fffff,2,1.4274160397222224,-0.7426465397371804,1.0441940950301256,Non-corridor,0
others,8861892e2bfffff,2,0.39072614236111114,-3.6987847332257573,3.6987847332257573,Non-corridor,0
others,8861892f55fffff,2,1.793725303888889,-2.660898407707399,2.660898407707399,Non-corridor,0
pot_holes,8860145a6bfffff,2,2.7481641070833334,-3.6966640382508484,3.6966640382508484,Non-corridor,0
pot_holes,8860145b35fffff,2,39.20755617430555,26.558998086823177,26.558998086823177,Tumkur Road,0
pot_holes,8860169663fffff,2,56.493398947500026,16.79914155544497,16.79914155544497,Non-corridor,0
pot_holes,88618920b1fffff,2,24.17641213527778,3.6551947958796625,16.68521685376736,Varthur Road,0
pot_holes,88618920bbfffff,2,46.92896659208333,27.419743584360752,27.419743584360752,ORR East 1,0
pot_holes,88618924edfffff,2,48.18747473472223,22.580830336619663,25.234776971223702,Bannerghata Road,0
road_conditions,8860145b63fffff,2,10.463064219305554,7.0985026105300815,7.0985026105300815,Bellary Road 1,0
road_conditions,88618924b3fffff,2,13.11513860611111,7.871427003418351,7.871427003418351,Non-corridor,0
road_conditions,8861892c11fffff,2,10.74071518375,3.0036029231682217,3.0036029231682217,Airport New South Road,0
tree_fall,8860145907fffff,2,0.41664015055555553,-0.9079893550820572,0.9079893550820572,Non-corridor,0
tree_fall,8860145941fffff,2,2.369335158611111,-5.213188453731122,5.213188453731122,Non-corridor,0
tree_fall,8860145951fffff,2,12.992704704444446,8.198232754873418,8.198232754873418,Tumkur Road,0
tree_fall,8860145a43fffff,2,1.1630979216666666,-3.0334744301785843,3.0334744301785843,ORR West 1,0
tree_fall,8860145b35fffff,2,9.817531313472223,6.676755648674586,7.446179942619757,Tumkur Road,0
tree_fall,8860145b6bfffff,2,1.2170926990277777,-1.3654688132893442,1.3654688132893442,Non-corridor,0
tree_fall,88618924a5fffff,2,3.08494682375,-15.576993056635981,15.576993056635981,Non-corridor,0
tree_fall,8861892599fffff,2,24.78353543347222,11.47458610851793,20.26618415505877,Non-corridor,0
tree_fall,886189259bfffff,2,24.846061520000003,14.600598521369076,16.991808965007667,Non-corridor,0
tree_fall,88618925b3fffff,2,0.7316823084722222,-2.6067338535006126,2.6067338535006126,Non-corridor,0
tree_fall,88618925d3fffff,2,23.40218911666667,13.877020064336875,13.877020064336875,Non-corridor,0
tree_fall,88618925d7fffff,2,2.694918208611111,-3.429611144393844,3.429611144393844,Non-corridor,0
tree_fall,8861892711fffff,2,36.61321291319444,27.987960062280884,27.987960062280884,Non-corridor,0
tree_fall,8861892c8dfffff,2,12.928505730694445,9.122669388765916,11.579405349436504,ORR North 1,0
tree_fall,8861892cb3fffff,2,0.8141309066666669,-4.962162383323775,5.658874431532985,Non-corridor,0
tree_fall,8861892e99fffff,2,13.534111808888886,5.96459843809965,17.830704117870575,Old Madras Road,0
tree_fall,8861892eb9fffff,2,0.61727536875,-2.8061440217729228,2.8061440217729228,Airport New South Road,0
tree_fall,8861892ebbfffff,2,0.5845001641666667,-0.28254287422185653,0.28254287422185653,Non-corridor,0
vehicle_breakdown,8860145811fffff,2,0.6639472380555556,-0.3811725838365676,0.3811725838365676,Magadi Road,0
vehicle_breakdown,8860145813fffff,2,0.5926131320833332,0.11284458407445361,0.3270559269180219,Non-corridor,0
vehicle_breakdown,886014583dfffff,2,1.7861284974999996,0.8337420549613489,0.8996932627135629,Non-corridor,0
vehicle_breakdown,8860145849fffff,2,0.5280777016666667,-0.20706652175428775,0.20706652175428775,West of Chord Road,0
vehicle_breakdown,886014586dfffff,2,0.7381277597222223,-0.07380639012008078,0.14063575200963768,Non-corridor,0
vehicle_breakdown,886014591dfffff,2,0.7982840345833333,0.05324287296783048,0.4760879207301031,Tumkur Road,0
vehicle_breakdown,8860145947fffff,2,0.8497134698611111,0.2367472962572189,0.811126897058361,Non-corridor,0
vehicle_breakdown,886014598dfffff,2,0.7356872704166667,0.2774527314279649,0.2774527314279649,Non-corridor,0
vehicle_breakdown,8860145a0bfffff,2,0.48856614444444446,-0.11190355164742113,0.1470306970380473,ORR West 1,0
vehicle_breakdown,8860145a23fffff,2,0.2827496609722222,-0.25415578235849123,0.27892378636915605,West of Chord Road,0
vehicle_breakdown,8860145a27fffff,2,0.7165509722222221,0.0038564147522946457,0.2127836258571339,West of Chord Road,0
vehicle_breakdown,8860145a35fffff,2,0.5477103023611111,-0.1411088512585933,0.5081353365200867,West of Chord Road,0
vehicle_breakdown,8860145a3dfffff,2,0.3918960963888889,-0.02228382498087053,0.03760843032849007,West of Chord Road,0
vehicle_breakdown,8860145b07fffff,2,1.060929467222222,0.4585435837676838,0.6094167794499329,Non-corridor,0
vehicle_breakdown,8860145b11fffff,2,0.8936898737499999,0.035294181674092706,0.07139816222211148,West of Chord Road,0
vehicle_breakdown,8860145b17fffff,2,1.5661862319444446,0.9933702011296791,0.9933702011296791,West of Chord Road,0
vehicle_breakdown,8860145b1bfffff,2,0.28844342791666666,-0.4731430421250483,0.4731430421250483,West of Chord Road,0
vehicle_breakdown,8860145b31fffff,2,1.6511515480555556,0.603893441038272,0.603893441038272,West of Chord Road,0
vehicle_breakdown,8860145b3bfffff,2,0.6328004256944445,-0.5052558163201633,0.5052558163201633,Non-corridor,0
vehicle_breakdown,8860145b67fffff,2,0.3127561686111111,-0.5284205781520948,0.5284205781520948,Non-corridor,0
vehicle_breakdown,88601690c3fffff,2,1.0702138831944443,0.02330011311009353,0.42882015954774844,Bellary Road 2,0
vehicle_breakdown,886016913dfffff,2,0.7272214468055556,0.17967100296543043,0.17967100296543043,Non-corridor,0
vehicle_breakdown,8860169627fffff,2,1.0886391043055554,0.31281595838516413,0.31281595838516413,Non-corridor,0
vehicle_breakdown,8860169649fffff,2,0.5674407606944445,0.041678682978381426,0.18930542401374365,Bellary Road 2,0
vehicle_breakdown,88601696d3fffff,2,0.62508979375,0.08202375259443506,0.2117452266030051,Non-corridor,0
vehicle_breakdown,88618920bdfffff,2,1.5143493337499998,0.7973241780343872,0.7973241780343872,Varthur Road,0
vehicle_breakdown,88618921d5fffff,2,0.49839303000000007,-0.458575070503869,0.458575070503869,Non-corridor,0
vehicle_breakdown,8861892493fffff,2,0.6931895576388889,-0.4466403006841593,0.4466403006841593,Non-corridor,0
vehicle_breakdown,88618924adfffff,2,1.1240271518055556,0.33328967506221685,0.6587569027856373,ORR West 1,0
vehicle_breakdown,88618924b3fffff,2,1.235833324722222,-0.50834356739014,1.1006385166824115,Non-corridor,0
vehicle_breakdown,88618924b5fffff,2,0.8620984244444445,0.026818944359206898,0.5376794822276745,Non-corridor,0
vehicle_breakdown,88618924b7fffff,2,0.6311923681944445,-0.7380118688252153,1.2982973444667112,Non-corridor,0
vehicle_breakdown,88618924cdfffff,2,0.8679602606944445,-0.33734400113435675,0.39466425599112714,Bannerghata Road,0
vehicle_breakdown,88618924e5fffff,2,0.39803596319444445,-0.0027347913776234745,0.13262300826804277,Bannerghata Road,0
vehicle_breakdown,8861892513fffff,2,0.7925596155555557,0.0006188899778565293,0.35030527286237834,Non-corridor,0
vehicle_breakdown,8861892523fffff,2,1.4463914066666663,0.9364849699587929,0.9364849699587929,Old Airport Road,0
vehicle_breakdown,8861892535fffff,2,1.2208797668055555,0.38877776303258715,0.6940046239049477,Old Airport Road,0
vehicle_breakdown,8861892551fffff,2,1.34130692,0.24780925939500248,0.24827839603565377,ORR East 1,0
vehicle_breakdown,8861892555fffff,2,0.14434950291666668,-0.43475044624339465,0.43475044624339465,ORR East 1,0
vehicle_breakdown,8861892557fffff,2,0.42073072,-0.03621578222080393,0.03621578222080393,ORR East 1,0
vehicle_breakdown,886189255dfffff,2,0.7335357208333333,-0.10371401753735349,0.10371401753735349,ORR East 1,0
vehicle_breakdown,8861892585fffff,2,1.2002262759722222,-0.11607222685795421,0.24229984844060387,Hosur Road,0
vehicle_breakdown,886189258bfffff,2,0.8372436429166666,-0.07365929717453651,0.7340487462056471,Bannerghata Road,0
vehicle_breakdown,886189259bfffff,2,1.2635949190277778,0.37274145795133223,0.6736337911851333,Non-corridor,0
vehicle_breakdown,88618925cdfffff,2,1.1512010130555557,0.3273449780895541,0.5557155011562142,Non-corridor,0
vehicle_breakdown,88618925d5fffff,2,0.3195030925,-0.4552719917421305,0.4552719917421305,Bannerghata Road,0
vehicle_breakdown,8861892603fffff,2,1.4759278533333333,0.48677104452333364,0.48677104452333364,Non-corridor,0
vehicle_breakdown,8861892767fffff,2,0.6718194091666667,-0.34936622644188675,0.34936622644188675,Non-corridor,0
vehicle_breakdown,8861892c3bfffff,2,1.6002607231944443,0.31760714342431473,0.31760714342431473,Non-corridor,0
vehicle_breakdown,8861892c53fffff,2,0.49688014125,-0.18769557231168055,0.5227232850657481,ORR North 1,0
vehicle_breakdown,8861892c8dfffff,2,0.8819571673611112,0.2930301774897516,0.8274819759595117,ORR North 1,0
vehicle_breakdown,8861892cd1fffff,2,1.6147626419444445,0.5416853698419857,0.5416853698419857,Non-corridor,0
vehicle_breakdown,8861892ce5fffff,2,0.8556915120833333,-0.07296490505941472,0.07296490505941472,Hennur Main Road,0
vehicle_breakdown,8861892e2dfffff,2,0.3914163804166667,-0.2611259263443071,0.4238333971971495,Non-corridor,0
vehicle_breakdown,8861892e3dfffff,2,0.59694759625,-0.2175082294587138,0.24427859608431474,Non-corridor,0
vehicle_breakdown,8861892e95fffff,2,0.9683815798611111,0.22517851363146985,0.22517851363146985,Non-corridor,0
vehicle_breakdown,8861892ea7fffff,2,1.2171872583333334,0.2838936589427116,0.5104142876565894,ORR North 1,0
vehicle_breakdown,8861892eb9fffff,2,0.8951730444444443,0.1321497405307902,0.6773693641948879,Non-corridor,0
vehicle_breakdown,8861892ee5fffff,2,1.35985082,0.40412731889227427,0.9033131431472197,ORR North 1,0
vehicle_breakdown,8861892f45fffff,2,1.0509181190277779,0.3372512815792542,1.5760564973926368,Non-corridor,0
vehicle_breakdown,8861892f5bfffff,2,0.5911875234722223,0.006398127133635301,0.5636807585646901,Non-corridor,0
vehicle_breakdown,8861892f69fffff,2,0.27220541486111116,-0.4581283837869608,0.4581283837869608,Non-corridor,0
water_logging,8860145913fffff,2,0.7944420065277779,-4.389858383349473,4.389858383349473,Tumkur Road,0
water_logging,8860145a29fffff,2,12.970418553194445,10.539904950768856,10.539904950768856,Mysore Road,0
water_logging,8860145b29fffff,2,15.35874630833333,10.16610856911094,12.756932777271068,Non-corridor,0
water_logging,8860145b55fffff,2,7.27400517375,4.836641132020158,4.836641132020158,Non-corridor,0
water_logging,8860169605fffff,2,22.039028399305554,-3.225486525822978,3.225486525822978,Non-corridor,0
water_logging,8861892423fffff,2,24.91370582583334,20.246077896865412,20.246077896865412,Hosur Road,0
water_logging,8861892433fffff,2,19.134733860138887,10.599247013803483,15.401579118665646,Bannerghata Road,0
water_logging,88618924edfffff,2,41.521304300138894,34.19707393738276,34.19707393738276,Bannerghata Road,0
water_logging,8861892597fffff,2,8.205151307222222,5.987522910333366,5.987522910333366,Non-corridor,0
water_logging,88618925a5fffff,2,2.93098990375,-3.1348539165348077,3.1348539165348077,Non-corridor,0
water_logging,88618925c1fffff,2,1.5958144198611113,-1.4889995750245109,1.4889995750245109,Hosur Road,0
accident,886014515dfffff,1,0.37690410694444443,-0.35621712403277195,0.35621712403277195,Non-corridor,0
accident,88601451e9fffff,1,0.46822425416666663,0.017391646284124596,0.017391646284124596,Non-corridor,0
accident,8860145851fffff,1,0.8890556363888891,0.5218595618977333,0.5218595618977333,Non-corridor,0
accident,8860145859fffff,1,0.714909695,0.16087536651802026,0.16087536651802026,Non-corridor,0
accident,886014590bfffff,1,0.15172917000000002,-0.4141306205609279,0.4141306205609279,ORR North 2,0
accident,8860145913fffff,1,0.6112461244444445,0.28328471990871157,0.28328471990871157,Tumkur Road,0
accident,8860145957fffff,1,0.6672659891666666,-0.49847342175342635,0.49847342175342635,Tumkur Road,0
accident,886014598dfffff,1,1.789615186388889,1.046131663788919,1.046131663788919,Non-corridor,0
accident,88601459e9fffff,1,0.39678793500000004,-0.566868091188734,0.566868091188734,Tumkur Road,0
accident,88601459ebfffff,1,0.1496681597222222,-0.3874962407473456,0.3874962407473456,Non-corridor,0
accident,8860145a27fffff,1,0.030522056944444445,-0.42497809832536554,0.42497809832536554,Non-corridor,0
accident,8860145a2bfffff,1,0.6504796811111111,-0.8139936058500481,0.8139936058500481,Mysore Road,0
accident,8860145b0dfffff,1,1.2851337661111115,0.24045976369416788,0.24045976369416788,Bellary Road 1,0
accident,8860145b25fffff,1,0.8737421052777777,-1.606574886251201,1.606574886251201,Bellary Road 1,0
accident,8860145b2bfffff,1,1.2939801830555555,0.5230709291741921,0.5230709291741921,Non-corridor,0
accident,8860145b35fffff,1,1.0368660674999999,-0.7934140058946144,0.7934140058946144,Tumkur Road,0
accident,8860145b37fffff,1,0.6301124952777778,-0.25050748202858086,0.25050748202858086,Tumkur Road,0
accident,8860145b43fffff,1,0.5108553327777777,-0.31452330918067506,0.31452330918067506,Non-corridor,0
accident,8860145b47fffff,1,1.7961340244444444,1.3500680775099765,1.3500680775099765,Bellary Road 1,0
accident,8860145b51fffff,1,1.3046249116666666,-1.6749606214221702,1.6749606214221702,Non-corridor,0
accident,8860145b59fffff,1,0.5302473963888888,-0.19109153027471748,0.19109153027471748,Non-corridor,0
accident,8860145b63fffff,1,0.3684076497222223,-0.2772980274406257,0.2772980274406257,Bellary Road 1,0
accident,8860169041fffff,1,0.7215877791666666,-0.3428484807264712,0.3428484807264712,Non-corridor,0
accident,88601690c3fffff,1,0.4964620930555556,0.2885380937130141,0.2885380937130141,Bellary Road 2,0
accident,886016921bfffff,1,0.8679577127777778,-0.15464549847288822,0.15464549847288822,Non-corridor,0
accident,8860169603fffff,1,0.014152055555555557,-0.9619130860411216,0.9619130860411216,Non-corridor,0
accident,886016960dfffff,1,1.4203144180555556,0.2589535176322939,0.2589535176322939,Non-corridor,0
accident,8860169615fffff,1,0.4397345141666667,-0.703728663115851,0.703728663115851,Non-corridor,0
accident,886016961bfffff,1,0.611186396111111,-0.057145398633722255,0.057145398633722255,Non-corridor,0
accident,8860169641fffff,1,1.0191852372222223,0.08946681725659977,0.08946681725659977,Bellary Road 2,0
accident,8860169669fffff,1,0.6398883591666666,-0.7296175833713181,0.7296175833713181,Bellary Road 2,0
accident,8860169761fffff,1,1.0209693947222223,0.7751323686683604,0.7751323686683604,Bellary Road 2,0
accident,8861892093fffff,1,0.8790845713888888,-1.051166490533949,1.051166490533949,ORR East 1,0
accident,88618924b3fffff,1,0.07263266527777779,-1.3558910606110255,1.3558910606110255,Non-corridor,0
accident,8861892535fffff,1,0.5992749469444444,-1.6356049375284298,1.6356049375284298,Old Airport Road,0
accident,8861892543fffff,1,0.49286569638888894,0.029051749533167748,0.029051749533167748,ORR East 1,0
accident,8861892555fffff,1,0.615647705,-0.05335392112952142,0.05335392112952142,ORR East 1,0
accident,886189258dfffff,1,0.03376730305555556,-1.8303393672967543,1.8303393672967543,Hosur Road,0
accident,88618925a7fffff,1,1.2534476488888888,1.3349318281500664,1.3349318281500664,Mysore Road,0
accident,88618925b5fffff,1,0.5471058877777778,0.171494571641219,0.171494571641219,Mysore Road,0
accident,88618925c9fffff,1,0.32144628388888885,-0.10346902589373697,0.10346902589373697,Hosur Road,0
accident,8861892663fffff,1,1.2875742530555554,-0.5301918379364576,0.5301918379364576,Non-corridor,0
accident,8861892c59fffff,1,0.36262373333333336,0.001196738845568035,0.001196738845568035,ORR North 1,0
accident,8861892c97fffff,1,0.8724180816666666,-0.2600964150986881,0.2600964150986881,ORR North 2,0
accident,8861892cb5fffff,1,1.0202286933333333,0.6411955509640686,0.6411955509640686,Bellary Road 2,0
accident,8861892e01fffff,1,3.6021111186111114,2.849592007215668,2.849592007215668,Non-corridor,0
accident,8861892e2dfffff,1,0.7626669202777778,-0.016901357641068593,0.016901357641068593,Non-corridor,0
accident,8861892e6dfffff,1,1.0308404705555556,0.23218555557260756,0.23218555557260756,Non-corridor,0
accident,8861892e89fffff,1,0.44830381555555554,-0.9953426408149021,0.9953426408149021,Old Madras Road,0
accident,8861892eb9fffff,1,1.1466917055555557,0.6423224647210183,0.6423224647210183,Airport New South Road,0
accident,8861892ee5fffff,1,0.6895452241666665,0.21992305816296864,0.21992305816296864,ORR North 1,0
congestion,88601458c7fffff,1,0.21220338027777777,-0.17569315523813792,0.17569315523813792,Non-corridor,0
congestion,8860145947fffff,1,0.14218544083333334,-1.459055213254772,1.459055213254772,Non-corridor,0
congestion,8860145a07fffff,1,1.0908396977777777,-0.08083015072711519,0.08083015072711519,West of Chord Road,0
congestion,8860145b51fffff,1,0.9258003241666667,0.5481525051857825,0.5481525051857825,Non-corridor,0
congestion,886189252bfffff,1,0.026025494166666666,-0.751104205885443,0.751104205885443,Old Airport Road,0
congestion,8861892589fffff,1,1.9304377480555557,1.6487513466213135,1.6487513466213135,Non-corridor,0
congestion,88618925d3fffff,1,0.7106021658333335,-0.514203196747079,0.514203196747079,Non-corridor,0
congestion,8861892cebfffff,1,1.8037889358333334,-0.725124138423975,0.725124138423975,Hennur Main Road,0
construction,8860145847fffff,1,60.05199580111109,57.29829788110749,57.29829788110749,Magadi Road,0
construction,886014591dfffff,1,0.4714761591666667,-11.200015311255072,11.200015311255072,Non-corridor,0
construction,8860145947fffff,1,3.5416293244444446,-12.541158023530953,12.541158023530953,Non-corridor,0
construction,8860145b09fffff,1,0.36542362805555556,-10.233465220875994,10.233465220875994,Non-corridor,0
construction,8860145b59fffff,1,7.14631689722222,-0.7818400413454611,0.7818400413454611,Mysore Road,0
construction,8860145b5bfffff,1,22.157788675277775,10.74931007110261,10.74931007110261,Mysore Road,0
construction,8860169055fffff,1,18.01255694694444,13.197487379199671,13.197487379199671,Non-corridor,0
construction,8860169641fffff,1,0.4818453077777778,-14.527668941070006,14.527668941070006,Bellary Road 2,0
construction,8860169669fffff,1,8.1208747875,-0.4192933888887236,0.4192933888887236,Bellary Road 2,0
construction,886016975dfffff,1,22.969006021666665,0.5915830003604725,0.5915830003604725,Bellary Road 2,0
construction,8860169761fffff,1,1.013306406388889,-6.736299942269912,6.736299942269912,Bellary Road 2,0
construction,8861892095fffff,1,49.39798230083334,36.66868005996267,36.66868005996267,Non-corridor,0
construction,88618920b1fffff,1,47.86270404555556,37.13533455081637,37.13533455081637,Varthur Road,0
construction,88618920e9fffff,1,48.7762542675,47.38202845102791,47.38202845102791,Non-corridor,0
construction,8861892185fffff,1,0.780340976388889,-13.781561577928414,13.781561577928414,Non-corridor,0
construction,8861892433fffff,1,4.566732878888889,2.0057771659389405,2.0057771659389405,Non-corridor,0
construction,88618924b7fffff,1,10.40428297611111,2.421615922436363,2.421615922436363,Non-corridor,0
construction,88618925a5fffff,1,0.48018541638888884,-4.098216572265916,4.098216572265916,Old Madras Road,0
construction,88618925d1fffff,1,0.19633887583333334,-2.800775845604028,2.800775845604028,Bannerghata Road,0
construction,8861892c37fffff,1,6.9089395983333315,-10.87364526004613,10.87364526004613,Non-corridor,0
construction,8861892c39fffff,1,0.057445589722222225,-2.117661677365295,2.117661677365295,Non-corridor,0
construction,8861892c99fffff,1,9.089556716944447,7.667026535747523,7.667026535747523,Bellary Road 1,0
construction,8861892cc5fffff,1,2.074807711388889,0.6436134335378818,0.6436134335378818,Hennur Main Road,0
construction,8861892db7fffff,1,2.4469238611111113,-4.913085561889024,4.913085561889024,Bellary Road 2,0
construction,8861892dc9fffff,1,23.949015354722224,7.379823455432806,7.379823455432806,Non-corridor,0
others,88601451e7fffff,1,1.6644840702777777,0.5196359677559117,0.5196359677559117,Mysore Road,0
others,8860145809fffff,1,2.3490669649999996,-2.013042542517735,2.013042542517735,Magadi Road,0
others,8860145825fffff,1,0.2635749969444445,-3.7389300358867965,3.7389300358867965,Non-corridor,0
others,8860145847fffff,1,2.614468506666666,-9.87545210080499,9.87545210080499,Magadi Road,0
others,8860145855fffff,1,1.3578267408333333,-4.2691542521632355,4.2691542521632355,Non-corridor,0
others,8860145861fffff,1,1.0608030225,-0.3576027851619472,0.3576027851619472,Non-corridor,0
others,886014586dfffff,1,0.46314120249999996,-0.47649652735850073,0.47649652735850073,Non-corridor,0
others,8860145901fffff,1,1.4721994880555556,1.195844644076947,1.195844644076947,ORR North 2,0
others,886014590bfffff,1,3.431610743333333,1.3331117386229039,1.3331117386229039,ORR North 2,0
others,8860145911fffff,1,44.08101595333334,40.604883391299154,40.604883391299154,Tumkur Road,0
others,8860145951fffff,1,2.225497208888889,-4.594086692691461,4.594086692691461,Tumkur Road,0
others,8860145953fffff,1,0.05996846722222223,-1.9661465521013648,1.9661465521013648,Non-corridor,0
others,8860145955fffff,1,1.5429301894444443,-1.8613895555875586,1.8613895555875586,Tumkur Road,0
others,886014596bfffff,1,27.89517192777778,21.419023574072234,21.419023574072234,ORR North 2,0
others,88601459e9fffff,1,30.80897819138889,26.96758022538759,26.96758022538759,Tumkur Road,0
others,88601459ebfffff,1,3.1286819213888886,-2.095712068090585,2.095712068090585,Non-corridor,0
others,8860145a11fffff,1,32.04092684361112,30.25768203000544,30.25768203000544,Mysore Road,0
others,8860145a23fffff,1,23.39600525027778,21.205890518970243,21.205890518970243,Non-corridor,0
others,8860145a29fffff,1,51.38297536416667,44.18818310684322,44.18818310684322,Mysore Road,0
others,8860145a33fffff,1,9.497707524166666,0.6682584563054981,0.6682584563054981,Non-corridor,0
others,8860145a37fffff,1,2.076451516388889,1.3893251997207434,1.3893251997207434,Non-corridor,0
others,8860145a3bfffff,1,19.05586963916667,17.781132645159943,17.781132645159943,Non-corridor,0
others,8860145a43fffff,1,0.33800253611111114,-0.45434931431998754,0.45434931431998754,ORR West 1,0
others,8860145a49fffff,1,0.6068306538888889,-0.5006526866919653,0.5006526866919653,ORR West 1,0
others,8860145a8dfffff,1,0.2648187525,-1.415885682952371,1.415885682952371,Non-corridor,0
others,8860145ac5fffff,1,0.6146658002777778,-0.9619114073802053,0.9619114073802053,Mysore Road,0
others,8860145ae3fffff,1,6.5360172125,2.8676852985860624,2.8676852985860624,Non-corridor,0
others,8860145ae7fffff,1,0.32356068222222223,-2.7554634853739,2.7554634853739,Non-corridor,0
others,8860145b07fffff,1,0.41689643916666674,-0.20248141679679588,0.20248141679679588,Non-corridor,0
others,8860145b0bfffff,1,0.8195422577777778,-2.6406718800710873,2.6406718800710873,Non-corridor,0
others,8860145b11fffff,1,0.8615918319444443,-0.13149816948369464,0.13149816948369464,Non-corridor,0
others,8860145b1dfffff,1,0.4227938230555556,-1.7452080845723539,1.7452080845723539,Non-corridor,0
others,8860145b33fffff,1,41.658724736111104,40.2910408832506,40.2910408832506,West of Chord Road,0
others,8860145b35fffff,1,22.124276176666665,18.494671963826782,18.494671963826782,Tumkur Road,0
others,8860145b37fffff,1,1.3632790225,-7.347442042367783,7.347442042367783,Tumkur Road,0
others,8860145b47fffff,1,0.48240493055555556,-0.6694820638949011,0.6694820638949011,Bellary Road 1,0
others,8860145b57fffff,1,0.4159189108333333,-5.823940495022417,5.823940495022417,Magadi Road,0
others,8860145b5bfffff,1,6.481259360555554,5.999117658830277,5.999117658830277,Mysore Road,0
others,8860145b61fffff,1,69.38516305777776,67.66124677670155,67.66124677670155,Non-corridor,0
others,8860145b69fffff,1,0.8130270261111111,-1.6316857842957906,1.6316857842957906,Non-corridor,0
others,8860169115fffff,1,0.6894740427777778,-3.254397123558419,3.254397123558419,Non-corridor,0
others,8860169603fffff,1,21.524814918611106,16.977818256418665,16.977818256418665,Non-corridor,0
others,886016960dfffff,1,29.400996344722227,19.169573341618868,19.169573341618868,Non-corridor,0
others,886016962bfffff,1,16.585672131388886,3.8007212526277048,3.8007212526277048,Non-corridor,0
others,8860169645fffff,1,8.51583399388889,-1.5028451688876583,1.5028451688876583,Bellary Road 2,0
others,8860169661fffff,1,27.568146708888886,3.598766769341207,3.598766769341207,Bellary Road 2,0
others,8860169665fffff,1,30.68362846333333,-1.7449231097391298,1.7449231097391298,Bellary Road 2,0
others,8860169669fffff,1,2.3636491369444452,-1.8818438842137595,1.8818438842137595,Bellary Road 2,0
others,8860169739fffff,1,0.6461481852777778,-0.31019002844371635,0.31019002844371635,Non-corridor,0
others,8860169743fffff,1,49.146104051388896,28.716085552441076,28.716085552441076,Bellary Road 2,0
others,8860169747fffff,1,2.8967999972222223,-3.315959945258266,3.315959945258266,Bellary Road 2,0
others,8860169759fffff,1,0.12752333055555554,-2.9873329541239757,2.9873329541239757,Bellary Road 2,0
others,886016976bfffff,1,4.0174713211111115,-3.1936357377289637,3.1936357377289637,Bellary Road 2,0
others,8861892087fffff,1,0.6042043411111111,-1.1514542305433273,1.1514542305433273,Non-corridor,0
others,886189209dfffff,1,63.53393026666666,53.26923760202121,53.26923760202121,Non-corridor,0
others,88618920a9fffff,1,1.6521186933333332,-1.0832367926756956,1.0832367926756956,Varthur Road,0
others,88618920c1fffff,1,1.455292763611111,-0.591244946013407,0.591244946013407,Non-corridor,0
others,8861892185fffff,1,1.649164287777778,-1.6535590055825176,1.6535590055825176,Non-corridor,0
others,8861892189fffff,1,22.38529130166667,17.896149649873774,17.896149649873774,Non-corridor,0
others,88618921a9fffff,1,0.9336774741666668,0.26047007070530437,0.26047007070530437,Non-corridor,0
others,8861892415fffff,1,25.896106165555555,17.547671358700512,17.547671358700512,Non-corridor,0
others,8861892449fffff,1,14.425673015,6.1778982038361505,6.1778982038361505,Hosur Road,0
others,88618924a3fffff,1,0.22137394277777778,-4.436268069737594,4.436268069737594,ORR West 1,0
others,88618924a5fffff,1,4.160072473333334,-2.434911718047803,2.434911718047803,Non-corridor,0
others,88618924cdfffff,1,0.47248222777777776,-0.9771717831764553,0.9771717831764553,Bannerghata Road,0
others,88618924e9fffff,1,1.5895981230555556,-4.844388743426308,4.844388743426308,Non-corridor,0
others,8861892519fffff,1,0.40739816611111107,-3.1647309914320054,3.1647309914320054,ORR East 1,0
others,8861892523fffff,1,71.66954595027777,70.25233623663227,70.25233623663227,Old Airport Road,0
others,8861892537fffff,1,0.9915817583333333,-4.147077472779433,4.147077472779433,Old Airport Road,0
others,8861892555fffff,1,42.81322972888888,36.439166396254244,36.439166396254244,ORR East 1,0
others,8861892557fffff,1,10.104926878055554,6.075078451902717,6.075078451902717,ORR East 1,0
others,88618925a1fffff,1,8.580335674166665,6.609940027980245,6.609940027980245,Hosur Road,0
others,88618925a3fffff,1,2.5827968744444445,0.05224928886555125,0.05224928886555125,Mysore Road,0
others,88618925abfffff,1,1.4016894641666666,-5.790119569884078,5.790119569884078,Hosur Road,0
others,88618925adfffff,1,0.34898324527777774,-0.8829795078019371,0.8829795078019371,Non-corridor,0
others,88618925b1fffff,1,1.8493878572222222,-0.1545244544685045,0.1545244544685045,Non-corridor,0
others,88618925b3fffff,1,1.424554261111111,1.0607336617303083,1.0607336617303083,Non-corridor,0
others,88618925e7fffff,1,0.5253323227777777,0.08204681247629719,0.08204681247629719,Non-corridor,0
others,8861892607fffff,1,0.519092935,-1.4218430263469364,1.4218430263469364,Non-corridor,0
others,88618926b5fffff,1,1.9931788133333335,0.9826171260787622,0.9826171260787622,Bannerghata Road,0
others,8861892c11fffff,1,0.2773789655555555,-11.473643638832712,11.473643638832712,Airport New South Road,0
others,8861892c15fffff,1,32.581630036111115,17.804128118466963,17.804128118466963,Non-corridor,0
others,8861892c31fffff,1,8.857162123333335,-1.4713492136851798,1.4713492136851798,Non-corridor,0
others,8861892c5bfffff,1,1.0853279325,-7.6174650822067225,7.6174650822067225,ORR North 1,0
others,8861892c93fffff,1,0.7444086144444445,-4.754286097263571,4.754286097263571,Non-corridor,0
others,8861892c9bfffff,1,10.239886263055556,6.5584568454267735,6.5584568454267735,Non-corridor,0
others,8861892cb5fffff,1,1.2698777647222221,-1.700333463452255,1.700333463452255,Bellary Road 2,0
others,8861892cb9fffff,1,0.47672737499999995,-8.33184355605184,8.33184355605184,Bellary Road 1,0
others,8861892e17fffff,1,0.017230398055555554,-1.5978405873166193,1.5978405873166193,ORR North 1,0
others,8861892e29fffff,1,3.210489596388889,-1.6162204066052532,1.6162204066052532,Non-corridor,0
others,8861892e43fffff,1,0.8804199619444444,-0.4568068185541909,0.4568068185541909,ORR East 2,0
others,8861892e4bfffff,1,2.8428047580555553,2.9136906654521426,2.9136906654521426,ORR East 2,0
others,8861892e69fffff,1,0.6541865316666666,-0.5759134317955084,0.5759134317955084,Non-corridor,0
others,8861892e85fffff,1,0.08142512138888888,-0.10242461685813148,0.10242461685813148,Non-corridor,0
others,8861892e89fffff,1,10.385899971388891,9.350100627778964,9.350100627778964,Old Madras Road,0
others,8861892e9bfffff,1,1.8082059619444444,0.22666025684353053,0.22666025684353053,Old Madras Road,0
others,8861892ecbfffff,1,1.084732288611111,-4.556695636170073,4.556695636170073,IRR(Thanisandra road),0
pot_holes,8860145847fffff,1,22.639693249444438,19.321043477961734,19.321043477961734,Magadi Road,0
pot_holes,886014594dfffff,1,35.37327965305556,17.112971148140865,17.112971148140865,Non-corridor,0
pot_holes,8860145953fffff,1,50.59186687722223,41.34872962332761,41.34872962332761,Non-corridor,0
pot_holes,8860145b1bfffff,1,0.4614405452777778,-0.7123286046376819,0.7123286046376819,West of Chord Road,0
pot_holes,8860145b29fffff,1,26.115081215555552,5.885848183821224,5.885848183821224,Bellary Road 1,0
pot_holes,8860145b43fffff,1,1.6313691052777777,-0.7936746068619442,0.7936746068619442,Non-corridor,0
pot_holes,8860145b45fffff,1,0.025028890277777778,-1.608297186100629,1.608297186100629,CBD 2,0
pot_holes,8860145b4dfffff,1,0.7514092386111112,-12.577884486433225,12.577884486433225,CBD 1,0
pot_holes,8860145b5bfffff,1,22.16460503944444,13.833302569867282,13.833302569867282,Mysore Road,0
pot_holes,8860145b63fffff,1,52.85727459361112,41.171778964743105,41.171778964743105,Bellary Road 1,0
pot_holes,8861892093fffff,1,19.959694295000002,0.7100479866048275,0.7100479866048275,ORR East 1,0
pot_holes,88618920b3fffff,1,1.4150312575000004,-12.423607018212165,12.423607018212165,Old Airport Road,0
pot_holes,88618924e7fffff,1,1.8209050966666664,-6.893523945031169,6.893523945031169,ORR West 1,0
pot_holes,8861892521fffff,1,0.15132961305555556,-9.428320896253267,9.428320896253267,unknown,0
pot_holes,88618925abfffff,1,27.58138949027778,25.244441667219984,25.244441667219984,Hosur Road,0
pot_holes,88618925d1fffff,1,52.97701991388889,39.76600110881146,39.76600110881146,Non-corridor,0
pot_holes,88618925d3fffff,1,20.68600270027778,-1.1474713988443526,1.1474713988443526,Non-corridor,0
pot_holes,88618925d7fffff,1,0.16094039722222223,-5.294504578146026,5.294504578146026,Non-corridor,0
pot_holes,8861892c83fffff,1,2.2586343355555556,-1.0292836300531754,1.0292836300531754,ORR North 1,0
pot_holes,8861892c8dfffff,1,31.210910063333337,27.575945363281228,27.575945363281228,ORR North 1,0
pot_holes,8861892c95fffff,1,21.55901894833333,5.351308183970225,5.351308183970225,Bellary Road 1,0
pot_holes,8861892c9dfffff,1,4.751172929166666,-2.593000582214712,2.593000582214712,Bellary Road 1,0
pot_holes,8861892db5fffff,1,30.01914613138889,15.799088292964376,15.799088292964376,Non-corridor,0
pot_holes,8861892db7fffff,1,25.176208989166675,7.268084500635162,7.268084500635162,Non-corridor,0
pot_holes,8861892f5bfffff,1,6.087114176388889,1.561931822005513,1.561931822005513,Non-corridor,0
procession,8860145811fffff,1,2.0076162544444442,0.8519941032936116,0.8519941032936116,Magadi Road,0
procession,8861892283fffff,1,0.6401456869444444,-2.6754439158898498,2.6754439158898498,Non-corridor,0
procession,8861892407fffff,1,0.6089658391666666,-4.68143197806612,4.68143197806612,Non-corridor,0
procession,8861892735fffff,1,0.05023189555555555,-0.634379035001966,0.634379035001966,Non-corridor,0
procession,8861892c87fffff,1,0.9700473252777777,-3.477451299594225,3.477451299594225,Non-corridor,0
procession,8861892cedfffff,1,1.7420006541666668,-5.171363208265719,5.171363208265719,Hennur Main Road,0
procession,8861892db9fffff,1,2.780227766944445,-20.073943498475796,20.073943498475796,Non-corridor,0
road_conditions,8860145809fffff,1,0.0911170813888889,-9.259706593601111,9.259706593601111,Magadi Road,0
road_conditions,8860145859fffff,1,0.31108127277777775,-2.785823562422981,2.785823562422981,Non-corridor,0
road_conditions,886014590dfffff,1,40.57887275444444,27.524997254704854,27.524997254704854,ORR North 2,0
road_conditions,8860145967fffff,1,9.444620516111112,2.823278462218405,2.823278462218405,Non-corridor,0
road_conditions,8860145a15fffff,1,26.078381253611116,21.332593169031327,21.332593169031327,ORR West 1,0
road_conditions,8860145a41fffff,1,1.0377336305555556,-5.5819929440523985,5.5819929440523985,ORR West 1,0
road_conditions,8860145a4dfffff,1,0.027977442777777778,-4.032358129312799,4.032358129312799,Non-corridor,0
road_conditions,8860145b49fffff,1,4.515299118888889,2.4076894572866716,2.4076894572866716,Mysore Road,0
road_conditions,8860145b4dfffff,1,4.0986101175,2.758417943192419,2.758417943192419,CBD 2,0
road_conditions,8860169051fffff,1,23.11487585083333,16.910274955124287,16.910274955124287,Non-corridor,0
road_conditions,8860169645fffff,1,0.9787125822222221,-10.997455303645596,10.997455303645596,Bellary Road 2,0
road_conditions,8861892189fffff,1,22.442660874722222,14.118209280109317,14.118209280109317,Non-corridor,0
road_conditions,8861892191fffff,1,1.0212828463888888,-2.3790741817952323,2.3790741817952323,Non-corridor,0
road_conditions,88618921d1fffff,1,18.45198410472222,11.009780121198727,11.009780121198727,Non-corridor,0
road_conditions,88618924e5fffff,1,0.6877547224999999,-13.485161967570559,13.485161967570559,Bannerghata Road,0
road_conditions,8861892537fffff,1,12.899336128611111,11.235034639323075,11.235034639323075,Old Airport Road,0
road_conditions,8861892585fffff,1,0.5234136777777778,-3.8991124207488275,3.8991124207488275,Hosur Road,0
road_conditions,88618925b5fffff,1,53.720505861111135,49.451611309386415,49.451611309386415,Mysore Road,0
road_conditions,88618925c1fffff,1,3.772065190833334,-1.599593185405563,1.599593185405563,IRR(Thanisandra road),0
road_conditions,8861892c37fffff,1,43.210531135555556,35.88514034924278,35.88514034924278,Non-corridor,0
road_conditions,8861892c8dfffff,1,23.15000635111111,19.11247775420913,19.11247775420913,ORR North 1,0
road_conditions,8861892c9dfffff,1,4.711407957777779,-1.1864232971966668,1.1864232971966668,Bellary Road 1,0
road_conditions,8861892cc5fffff,1,0.5611502511111112,-4.549042598858817,4.549042598858817,Hennur Main Road,0
road_conditions,8861892e39fffff,1,0.42738716083333333,-1.4828234529689006,1.4828234529689006,ORR East 2,0
road_conditions,8861892e3dfffff,1,10.417797511111111,5.414593074712461,5.414593074712461,Non-corridor,0
road_conditions,8861892e4bfffff,1,0.03216000472222222,-5.339832454026751,5.339832454026751,ORR East 2,0
test_demo,8860145863fffff,1,0.02148782472222222,-0.6967591842566823,0.6967591842566823,Non-corridor,0
test_demo,8861892421fffff,1,0.039306954444444445,-0.9334588283958901,0.9334588283958901,Non-corridor,0
tree_fall,8860145809fffff,1,0.16605790805555554,-3.2877827625413354,3.2877827625413354,Magadi Road,0
tree_fall,8860145811fffff,1,1.524018181388889,-1.074104112771782,1.074104112771782,Magadi Road,0
tree_fall,8860145825fffff,1,0.5416152880555556,-8.791455849014586,8.791455849014586,Non-corridor,0
tree_fall,886014583dfffff,1,1.5498315763888892,1.2873297162047599,1.2873297162047599,Non-corridor,0
tree_fall,886014591bfffff,1,15.233749160000004,6.544760274243005,6.544760274243005,Non-corridor,0
tree_fall,8860145945fffff,1,1.7885582016666668,-3.0767126499580204,3.0767126499580204,Non-corridor,0
tree_fall,8860145953fffff,1,1.5061363527777778,-4.914433153775768,4.914433153775768,Non-corridor,0
tree_fall,8860145957fffff,1,3.999947368333333,-1.1384994264250063,1.1384994264250063,Tumkur Road,0
tree_fall,886014595dfffff,1,4.43851665861111,3.7945650773597377,3.7945650773597377,Tumkur Road,0
tree_fall,8860145a69fffff,1,15.872572318055559,8.396838513733357,8.396838513733357,Non-corridor,0
tree_fall,8860145a6bfffff,1,1.0299104774999999,-1.193329588559686,1.193329588559686,Non-corridor,0
tree_fall,8860145aebfffff,1,1.758156792777778,0.48111515603343125,0.48111515603343125,Non-corridor,0
tree_fall,8860145b07fffff,1,1.2856592097222224,-1.5929558547915084,1.5929558547915084,Non-corridor,0
tree_fall,8860145b11fffff,1,0.5301080430555555,-0.34794405459233146,0.34794405459233146,West of Chord Road,0
tree_fall,8860145b21fffff,1,1.5085561388888888,-3.2193655064740034,3.2193655064740034,Non-corridor,0
tree_fall,8860145b23fffff,1,0.736536525,-0.24202167520079954,0.24202167520079954,Non-corridor,0
tree_fall,8860145b25fffff,1,3.9243206524999996,3.308074765788628,3.308074765788628,Bellary Road 1,0
tree_fall,8860145b2dfffff,1,0.3398696733333333,-2.529141397282909,2.529141397282909,Bellary Road 1,0
tree_fall,8860145b33fffff,1,1.2114192144444444,-1.35374590778769,1.35374590778769,West of Chord Road,0
tree_fall,8860145b37fffff,1,0.5647538325,-10.654593105964116,10.654593105964116,West of Chord Road,0
tree_fall,8860145b3dfffff,1,0.6397186427777778,-4.746488276457053,4.746488276457053,Non-corridor,0
tree_fall,8860145b43fffff,1,0.9466000430555557,-5.310176024295392,5.310176024295392,Non-corridor,0
tree_fall,8860145b51fffff,1,67.88856410694443,65.79743912696169,65.79743912696169,Non-corridor,0
tree_fall,8860145b57fffff,1,1.0532170819444444,-4.151136715185507,4.151136715185507,Non-corridor,0
tree_fall,8860145b5dfffff,1,6.870732115833335,3.9914898865699153,3.9914898865699153,Non-corridor,0
tree_fall,8860145b63fffff,1,16.18656869527778,7.826835934986201,7.826835934986201,Bellary Road 1,0
tree_fall,8860145b67fffff,1,0.14366968777777778,-1.5276321345057688,1.5276321345057688,Non-corridor,0
tree_fall,886016965bfffff,1,5.971471853611112,-3.335330667426497,3.335330667426497,Non-corridor,0
tree_fall,88618921ebfffff,1,0.31386616611111107,-3.6916640251809834,3.6916640251809834,Non-corridor,0
tree_fall,88618924a1fffff,1,20.46781078944444,4.220835144274307,4.220835144274307,Non-corridor,0
tree_fall,88618924a9fffff,1,10.466833706388888,4.834728177635066,4.834728177635066,ORR West 1,0
tree_fall,88618924adfffff,1,19.560387331388885,10.492259980311076,10.492259980311076,Non-corridor,0
tree_fall,8861892513fffff,1,3.5887203727777774,0.2817579914532642,0.2817579914532642,Non-corridor,0
tree_fall,886189251bfffff,1,0.27404556555555554,-5.7003027035104425,5.7003027035104425,Non-corridor,0
tree_fall,8861892545fffff,1,1.2989702113888888,-12.554608362202146,12.554608362202146,ORR East 1,0
tree_fall,8861892581fffff,1,0.28298800027777776,-1.8398857643149005,1.8398857643149005,Non-corridor,0
tree_fall,8861892583fffff,1,1.2554245466666667,0.8330809656387976,0.8330809656387976,Non-corridor,0
tree_fall,88618925a1fffff,1,3.087945969444444,-3.0860103125294485,3.0860103125294485,Mysore Road,0
tree_fall,88618925a3fffff,1,13.821624070555558,4.227497135970394,4.227497135970394,Mysore Road,0
tree_fall,88618925a7fffff,1,36.526450789166674,35.446046034146235,35.446046034146235,Mysore Road,0
tree_fall,88618925b7fffff,1,36.03161778305555,34.707725245563445,34.707725245563445,Mysore Road,0
tree_fall,88618925c1fffff,1,1.0366045894444444,-4.322332509468092,4.322332509468092,Hosur Road,0
tree_fall,88618925dbfffff,1,22.007300248888892,6.414582765830719,6.414582765830719,Non-corridor,0
tree_fall,8861892c5bfffff,1,0.4637075827777778,-2.950442821919528,2.950442821919528,ORR North 1,0
tree_fall,8861892c93fffff,1,8.471653984444444,-0.710472007626306,0.710472007626306,Non-corridor,0
tree_fall,8861892cd1fffff,1,2.9693220174999997,-0.8376820937318259,0.8376820937318259,Non-corridor,0
tree_fall,8861892e2bfffff,1,38.15862549027778,36.53416852978153,36.53416852978153,Non-corridor,0
tree_fall,8861892e95fffff,1,38.204991497777776,37.000498175078526,37.000498175078526,Non-corridor,0
tree_fall,8861892ea5fffff,1,3.198411780555555,0.949734532315448,0.949734532315448,ORR North 1,0
tree_fall,8861892eadfffff,1,10.582444026944444,7.4733031865710124,7.4733031865710124,Non-corridor,0
tree_fall,8861892ec7fffff,1,2.0518449455555556,-2.726724867421421,2.726724867421421,Non-corridor,0
tree_fall,8861892ec9fffff,1,8.116174400833335,5.665183297533731,5.665183297533731,Non-corridor,0
tree_fall,8861892edbfffff,1,18.582222340833336,7.3755981200252485,7.3755981200252485,Non-corridor,0
vehicle_breakdown,886014480bfffff,1,0.42985961388888894,0.2748570812285216,0.2748570812285216,Non-corridor,0
vehicle_breakdown,8860144a65fffff,1,0.45497265527777775,-0.03484922634203397,0.03484922634203397,Non-corridor,0
vehicle_breakdown,8860145119fffff,1,0.9779967552777777,-0.09224642605479527,0.09224642605479527,Non-corridor,0
vehicle_breakdown,886014512bfffff,1,0.6601982094444444,-0.7339036314608899,0.7339036314608899,Non-corridor,0
vehicle_breakdown,8860145149fffff,1,1.0435831072222221,0.32316962422119855,0.32316962422119855,Non-corridor,0
vehicle_breakdown,886014514dfffff,1,1.3365243086111112,-0.27673039574825165,0.27673039574825165,Non-corridor,0
vehicle_breakdown,8860145151fffff,1,0.800919501388889,-0.082140204155847,0.082140204155847,Non-corridor,0
vehicle_breakdown,88601451e7fffff,1,0.13165391527777778,-0.877861522581137,0.877861522581137,Mysore Road,0
vehicle_breakdown,8860145337fffff,1,0.3821839286111111,-0.14622054536549228,0.14622054536549228,Non-corridor,0
vehicle_breakdown,8860145827fffff,1,1.3552858141666666,0.19573664980891103,0.19573664980891103,Non-corridor,0
vehicle_breakdown,886014582dfffff,1,2.5849295377777772,1.449457486999321,1.449457486999321,Non-corridor,0
vehicle_breakdown,8860145841fffff,1,2.5568782622222215,1.5388904818059024,1.5388904818059024,Magadi Road,0
vehicle_breakdown,886014584dfffff,1,1.6718185605555553,0.6089392854898557,0.6089392854898557,Magadi Road,0
vehicle_breakdown,88601458c7fffff,1,1.2223644705555554,0.634719378684428,0.634719378684428,Non-corridor,0
vehicle_breakdown,886014591bfffff,1,1.2467678702777778,-0.3721488655657723,0.3721488655657723,Non-corridor,0
vehicle_breakdown,886014593bfffff,1,1.3567617155555554,0.48037115634195204,0.48037115634195204,Non-corridor,0
vehicle_breakdown,886014594dfffff,1,0.05287621888888889,-1.0457435078072457,1.0457435078072457,Non-corridor,0
vehicle_breakdown,8860145965fffff,1,0.8624279608333334,0.38634444105505256,0.38634444105505256,Non-corridor,0
vehicle_breakdown,88601459e1fffff,1,1.2298472755555556,0.40038127555053205,0.40038127555053205,Non-corridor,0
vehicle_breakdown,88601459e7fffff,1,0.48490127111111103,-0.1658768996333594,0.1658768996333594,Non-corridor,0
vehicle_breakdown,8860145a03fffff,1,0.8522856266666666,-0.16555887880260534,0.16555887880260534,ORR West 1,0
vehicle_breakdown,8860145a09fffff,1,2.4361685274999996,1.078954729506628,1.078954729506628,ORR West 1,0
vehicle_breakdown,8860145a0dfffff,1,1.040300603888889,0.21200068923428994,0.21200068923428994,Non-corridor,0
vehicle_breakdown,8860145a17fffff,1,0.5464519111111111,-0.49312448964040445,0.49312448964040445,Mysore Road,0
vehicle_breakdown,8860145a33fffff,1,1.2583320172222223,0.26667876792011835,0.26667876792011835,Non-corridor,0
vehicle_breakdown,8860145a41fffff,1,1.5382399041666668,0.3994761116923633,0.3994761116923633,ORR West 1,0
vehicle_breakdown,8860145a45fffff,1,0.7524879469444444,-0.040535201269096044,0.040535201269096044,Non-corridor,0
vehicle_breakdown,8860145a4dfffff,1,0.8250469538888888,0.24832593964308047,0.24832593964308047,Non-corridor,0
vehicle_breakdown,8860145a57fffff,1,1.122431965833333,0.1617062781190408,0.1617062781190408,Non-corridor,0
vehicle_breakdown,8860145a69fffff,1,1.6374337347222223,0.7723618901299407,0.7723618901299407,Non-corridor,0
vehicle_breakdown,8860145a6dfffff,1,0.7602573458333334,0.2950214825578842,0.2950214825578842,Non-corridor,0
vehicle_breakdown,8860145a8dfffff,1,0.8727988149999999,0.13865630805783602,0.13865630805783602,Non-corridor,0
vehicle_breakdown,8860145aa5fffff,1,0.14614180055555553,-0.5807680087551492,0.5807680087551492,Non-corridor,0
vehicle_breakdown,8860145ad9fffff,1,0.6366778213888888,0.18612103137582486,0.18612103137582486,Mysore Road,0
vehicle_breakdown,8860145ae5fffff,1,1.5431833686111112,0.44769145034362845,0.44769145034362845,Non-corridor,0
vehicle_breakdown,8860145b21fffff,1,1.0671047847222221,0.24674640041691198,0.24674640041691198,Non-corridor,0
vehicle_breakdown,8860145b2bfffff,1,0.4319656741666666,0.1719683952054965,0.1719683952054965,Non-corridor,0
vehicle_breakdown,8860145b3dfffff,1,1.1861624649999998,0.39444935488032906,0.39444935488032906,Non-corridor,0
vehicle_breakdown,8860145b53fffff,1,1.1029139075,0.4380073068685547,0.4380073068685547,Magadi Road,0
vehicle_breakdown,8860145b6bfffff,1,0.38820414444444445,-0.40878963659249073,0.40878963659249073,Non-corridor,0
vehicle_breakdown,8860145b6dfffff,1,1.1410097697222221,-0.0012794295103482067,0.0012794295103482067,Non-corridor,0
vehicle_breakdown,8860169035fffff,1,0.9685839805555554,-0.6613961506294486,0.6613961506294486,Non-corridor,0
vehicle_breakdown,8860169053fffff,1,0.3525673147222222,-0.4711130273072676,0.4711130273072676,Non-corridor,0
vehicle_breakdown,88601690c7fffff,1,0.8977071647222223,-0.27282038728706337,0.27282038728706337,Non-corridor,0
vehicle_breakdown,8860169107fffff,1,1.7886799966666664,0.8125898822075288,0.8125898822075288,Non-corridor,0
vehicle_breakdown,8860169111fffff,1,0.17183955055555555,-0.5624927366904825,0.5624927366904825,Non-corridor,0
vehicle_breakdown,8860169609fffff,1,0.32688835666666666,-0.5786525968498135,0.5786525968498135,Non-corridor,0
vehicle_breakdown,886016960dfffff,1,1.0622572938888888,0.2872808175016016,0.2872808175016016,Non-corridor,0
vehicle_breakdown,886016964bfffff,1,0.20376663527777777,-0.2133598099345772,0.2133598099345772,Bellary Road 2,0
vehicle_breakdown,8860169699fffff,1,0.24159265666666668,-0.35259933244757075,0.35259933244757075,Non-corridor,0
vehicle_breakdown,8860169765fffff,1,2.226695761666667,0.889105790068446,0.889105790068446,Bellary Road 2,0
vehicle_breakdown,886016976bfffff,1,2.372744788333333,1.7305946735277864,1.7305946735277864,Bellary Road 2,0
vehicle_breakdown,8861892087fffff,1,0.23127553166666667,-1.0708540914584834,1.0708540914584834,Non-corridor,0
vehicle_breakdown,886189209dfffff,1,1.0577919672222222,0.02719435634074685,0.02719435634074685,Non-corridor,0
vehicle_breakdown,88618920c1fffff,1,0.0760854536111111,-0.5720287964887116,0.5720287964887116,Non-corridor,0
vehicle_breakdown,8861892191fffff,1,0.43941100527777777,-0.7896919159427083,0.7896919159427083,Non-corridor,0
vehicle_breakdown,88618921a9fffff,1,0.1934248863888889,-0.003688916361067829,0.003688916361067829,Non-corridor,0
vehicle_breakdown,88618921d1fffff,1,0.2634247780555556,0.03437563485035003,0.03437563485035003,Non-corridor,0
vehicle_breakdown,88618921d3fffff,1,0.8578613408333333,0.5479774362887184,0.5479774362887184,Non-corridor,0
vehicle_breakdown,8861892283fffff,1,0.7603099766666668,-0.27287257587010694,0.27287257587010694,Non-corridor,0
vehicle_breakdown,8861892405fffff,1,0.36007693555555553,0.0891448000285241,0.0891448000285241,Hosur Road,0
vehicle_breakdown,88618924bbfffff,1,1.1019766783333333,0.655124526438023,0.655124526438023,Non-corridor,0
vehicle_breakdown,88618924c5fffff,1,0.8383914547222222,-0.045317945625858225,0.045317945625858225,Bannerghata Road,0
vehicle_breakdown,8861892517fffff,1,0.2826534202777778,-1.4530690110875906,1.4530690110875906,IRR(Thanisandra road),0
vehicle_breakdown,886189251bfffff,1,0.9297036122222221,0.2852920870130746,0.2852920870130746,Non-corridor,0
vehicle_breakdown,8861892527fffff,1,0.044193887777777774,-0.977678534130996,0.977678534130996,Non-corridor,0
vehicle_breakdown,8861892567fffff,1,1.1554235347222224,0.6741192272472105,0.6741192272472105,Old Airport Road,0
vehicle_breakdown,886189256dfffff,1,0.040928113055555555,-0.3164592498669888,0.3164592498669888,Non-corridor,0
vehicle_breakdown,8861892593fffff,1,2.058504749166666,0.8109176469555159,0.8109176469555159,Non-corridor,0
vehicle_breakdown,88618925c3fffff,1,1.170313142777778,0.3221687850450017,0.3221687850450017,Non-corridor,0
vehicle_breakdown,88618925c5fffff,1,0.3542156225,-0.22418573918888335,0.22418573918888335,IRR(Thanisandra road),0
vehicle_breakdown,88618925d7fffff,1,0.5175574044444444,-0.07143896736727506,0.07143896736727506,Bannerghata Road,0
vehicle_breakdown,88618925ddfffff,1,0.2447436911111111,-1.061977669034226,1.061977669034226,Non-corridor,0
vehicle_breakdown,8861892607fffff,1,1.4446356380555554,0.6698404552412046,0.6698404552412046,Non-corridor,0
vehicle_breakdown,8861892627fffff,1,0.2948822147222222,-0.1459051463556849,0.1459051463556849,Non-corridor,0
vehicle_breakdown,8861892629fffff,1,1.3913090005555555,0.7445768793254962,0.7445768793254962,Non-corridor,0
vehicle_breakdown,8861892645fffff,1,1.0932541836111112,0.20043133766948007,0.20043133766948007,Non-corridor,0
vehicle_breakdown,88618926b5fffff,1,0.2832022588888889,-0.9157947100452148,0.9157947100452148,Bannerghata Road,0
vehicle_breakdown,88618926b9fffff,1,1.0618977258333333,-0.13994608302994327,0.13994608302994327,Non-corridor,0
vehicle_breakdown,88618926bdfffff,1,0.3849102338888889,-0.2590369048316622,0.2590369048316622,Bannerghata Road,0
vehicle_breakdown,8861892719fffff,1,1.0188101247222223,0.13840857955994967,0.13840857955994967,Non-corridor,0
vehicle_breakdown,8861892721fffff,1,0.44903273222222223,-0.7071618338542813,0.7071618338542813,Non-corridor,0
vehicle_breakdown,8861892761fffff,1,1.5128953975000001,0.645789275882577,0.645789275882577,Non-corridor,0
vehicle_breakdown,8861892c11fffff,1,0.3734975097222222,0.04151419410913676,0.04151419410913676,Airport New South Road,0
vehicle_breakdown,8861892c1bfffff,1,0.33529748416666666,-0.28808181082841583,0.28808181082841583,ORR North 1,0
vehicle_breakdown,8861892c37fffff,1,1.5359737325,0.28621970079756687,0.28621970079756687,Non-corridor,0
vehicle_breakdown,8861892c4bfffff,1,1.2800859949999999,0.7213225204554087,0.7213225204554087,Non-corridor,0
vehicle_breakdown,8861892c97fffff,1,0.8222313927777779,0.47418287062194353,0.47418287062194353,ORR North 2,0
vehicle_breakdown,8861892cb3fffff,1,0.2800650197222222,-0.31552827370139924,0.31552827370139924,Non-corridor,0
vehicle_breakdown,8861892cb5fffff,1,0.44522426388888886,0.23149755501190197,0.23149755501190197,Bellary Road 2,0
vehicle_breakdown,8861892cbdfffff,1,1.9493106741666664,1.1189910206910167,1.1189910206910167,Bellary Road 2,0
vehicle_breakdown,8861892ce9fffff,1,1.5382034552777777,0.5640988095017849,0.5640988095017849,Hennur Main Road,0
vehicle_breakdown,8861892cedfffff,1,0.83970933,-0.22388344666644877,0.22388344666644877,Hennur Main Road,0
vehicle_breakdown,8861892da1fffff,1,0.5250163241666667,-0.050188736071916984,0.050188736071916984,Hennur Main Road,0
vehicle_breakdown,8861892e07fffff,1,1.829020271388889,0.5492907033181869,0.5492907033181869,Non-corridor,0
vehicle_breakdown,8861892e0bfffff,1,0.7032855744444444,0.01134745243899804,0.01134745243899804,ORR East 2,0
vehicle_breakdown,8861892e43fffff,1,0.5167982483333333,-0.04691169588965349,0.04691169588965349,ORR East 2,0
vehicle_breakdown,8861892e49fffff,1,0.5825427038888888,-0.1428734998433283,0.1428734998433283,Non-corridor,0
vehicle_breakdown,8861892e61fffff,1,2.002021363611111,1.4429409345468924,1.4429409345468924,Non-corridor,0
vehicle_breakdown,8861892e67fffff,1,0.7172545688888889,-0.06832884580057774,0.06832884580057774,Non-corridor,0
vehicle_breakdown,8861892e69fffff,1,1.1240374794444443,0.07899934031430478,0.07899934031430478,Non-corridor,0
vehicle_breakdown,8861892e6bfffff,1,0.26553013305555556,-0.5562515239306074,0.5562515239306074,Non-corridor,0
vehicle_breakdown,8861892e85fffff,1,0.11067008055555556,-0.24326080823523327,0.24326080823523327,Non-corridor,0
vehicle_breakdown,8861892e9dfffff,1,0.8588288963888888,-0.6120666787163538,0.6120666787163538,Non-corridor,0
vehicle_breakdown,8861892ea5fffff,1,1.2470922844444443,0.42414825651173615,0.42414825651173615,ORR North 1,0
vehicle_breakdown,8861892eb1fffff,1,0.42173768222222224,-0.73513476501379,0.73513476501379,Non-corridor,0
vehicle_breakdown,8861892ec3fffff,1,0.8538355161111112,0.287197367270714,0.287197367270714,IRR(Thanisandra road),0
vehicle_breakdown,8861892ecbfffff,1,1.0101011294444444,0.3657301261993029,0.3657301261993029,IRR(Thanisandra road),0
vehicle_breakdown,8861892ed5fffff,1,0.08682851305555556,-0.5802232214118481,0.5802232214118481,Old Madras Road,0
vehicle_breakdown,8861892f47fffff,1,1.2448917602777778,0.20989144288943273,0.20989144288943273,Non-corridor,0
vehicle_breakdown,8861892f55fffff,1,0.9833273744444443,0.34384106082368626,0.34384106082368626,Non-corridor,0
vehicle_breakdown,886189359bfffff,1,0.6278638725,-0.10394196709560843,0.10394196709560843,Non-corridor,0
water_logging,8860145809fffff,1,4.2687799944444444,-2.2020126717601105,2.2020126717601105,Magadi Road,0
water_logging,886014590dfffff,1,1.777458056111111,-15.793986384904958,15.793986384904958,ORR North 2,0
water_logging,8860145917fffff,1,71.2850061186111,63.437975208636345,63.437975208636345,Non-corridor,0
water_logging,8860145947fffff,1,47.679606487499996,43.95918344745672,43.95918344745672,Non-corridor,0
water_logging,8860145951fffff,1,4.844231666944444,2.38933898420988,2.38933898420988,Tumkur Road,0
water_logging,886014595dfffff,1,23.606295632499997,16.65196571675407,16.65196571675407,Tumkur Road,0
water_logging,886014596bfffff,1,46.50664253999999,43.28017084094292,43.28017084094292,ORR North 2,0
water_logging,886014598dfffff,1,1.1875192383333335,-9.171533691307639,9.171533691307639,Non-corridor,0
water_logging,8860145a07fffff,1,0.2430760547222222,-4.976793771398779,4.976793771398779,Mysore Road,0
water_logging,8860145a33fffff,1,34.263544029444446,29.04832020166761,29.04832020166761,Non-corridor,0
water_logging,8860145a6dfffff,1,0.7643505,-1.0209843755085144,1.0209843755085144,Non-corridor,0
water_logging,8860145b01fffff,1,23.950884980000005,20.69912492567827,20.69912492567827,Non-corridor,0
water_logging,8860145b25fffff,1,64.77297671194448,60.7076642212792,60.7076642212792,Bellary Road 1,0
water_logging,8860145b2dfffff,1,0.6348320741666666,-5.839378537242475,5.839378537242475,Bellary Road 1,0
water_logging,8860145b33fffff,1,1.3219117633333333,0.8111765007673264,0.8111765007673264,West of Chord Road,0
water_logging,8860145b37fffff,1,22.42321565944445,18.913192461531434,18.913192461531434,Tumkur Road,0
water_logging,8860145b41fffff,1,47.73132174722223,41.58218019153425,41.58218019153425,Non-corridor,0
water_logging,8860145b45fffff,1,23.294133217500004,22.767127232815827,22.767127232815827,CBD 2,0
water_logging,8860145b5bfffff,1,0.6917898791666667,-8.74298298951797,8.74298298951797,Mysore Road,0
water_logging,8860145b67fffff,1,3.1334171988888886,-7.300305913996752,7.300305913996752,Non-corridor,0
water_logging,8860145b6bfffff,1,0.7057542494444444,-16.067765175934284,16.067765175934284,Bellary Road 1,0
water_logging,886016961bfffff,1,47.82804136361112,31.333090618158014,31.333090618158014,Non-corridor,0
water_logging,886016974bfffff,1,6.7147242075,-11.865049721687425,11.865049721687425,Bellary Road 2,0
water_logging,88618920abfffff,1,24.73336568444445,23.526511691888032,23.526511691888032,Varthur Road,0
water_logging,88618920bdfffff,1,0.5985969305555555,-1.721536551109209,1.721536551109209,Varthur Road,0
water_logging,8861892427fffff,1,12.650055450277776,-5.588003031539216,5.588003031539216,ORR East 1,0
water_logging,88618924a1fffff,1,22.892741578888895,9.289903036447434,9.289903036447434,ORR West 1,0
water_logging,88618924a3fffff,1,4.0866296475,0.9467532139629382,0.9467532139629382,ORR West 1,0
water_logging,88618924abfffff,1,20.311485540277783,-1.407843643044913,1.407843643044913,ORR West 1,0
water_logging,88618924c5fffff,1,0.8113483430555554,0.31329210283720094,0.31329210283720094,Bannerghata Road,0
water_logging,8861892537fffff,1,1.5568108938888887,-3.7740421966602398,3.7740421966602398,Old Airport Road,0
water_logging,886189255dfffff,1,22.898064793888892,17.597946530633344,17.597946530633344,ORR East 1,0
water_logging,8861892581fffff,1,0.6671790880555555,-2.538529300419099,2.538529300419099,Non-corridor,0
water_logging,8861892583fffff,1,0.27534679,-0.16202609983472172,0.16202609983472172,Non-corridor,0
water_logging,88618925a7fffff,1,5.411312669166667,1.5689573208498828,1.5689573208498828,Mysore Road,0
water_logging,88618925b1fffff,1,0.5663716905555556,-3.7772549343738935,3.7772549343738935,Non-corridor,0
water_logging,88618925b5fffff,1,0.07777294777777778,-4.563701766286729,4.563701766286729,Non-corridor,0
water_logging,88618925c9fffff,1,0.040853392777777775,0.31100144617893694,0.31100144617893694,ORR East 1,0
water_logging,88618925d1fffff,1,2.0236652413888887,-5.8389329360896225,5.8389329360896225,Non-corridor,0
water_logging,88618925ebfffff,1,2.7577858033333333,-9.54420319021063,9.54420319021063,Non-corridor,0
water_logging,886189266bfffff,1,0.5794980952777777,-11.657272567964776,11.657272567964776,Non-corridor,0
water_logging,8861892c83fffff,1,0.78429297,-4.17549329537204,4.17549329537204,Bellary Road 1,0
water_logging,8861892db7fffff,1,3.2889457247222222,1.6175160828199824,1.6175160828199824,Non-corridor,0
water_logging,8861892e07fffff,1,64.9768085533333,52.318655371186395,52.318655371186395,Non-corridor,0
water_logging,8861892e0bfffff,1,0.5113201374999999,-7.7701416298946295,7.7701416298946295,ORR East 2,0
water_logging,8861892e17fffff,1,1.34406454,-4.908147837619512,4.908147837619512,ORR North 1,0
water_logging,8861892e9bfffff,1,0.6104588516666667,-6.4655893306797125,6.4655893306797125,Old Madras Road,0
water_logging,8861892ed7fffff,1,40.36471906972222,32.54248010714038,32.54248010714038,Non-corridor,0
water_logging,8861892edbfffff,1,10.579322601388888,-6.153332890429368,6.153332890429368,Non-corridor,0
